human_gene_id,mouse_gene_id,zebrafish_gene_id,gene_name,gene_biotype,description,symbol
ENSG00000162571,NA,NA,TTLL10,protein_coding,tubulin tyrosine ligase like 10 [Source:HGNC Symbol;Acc:HGNC:26693],TTLL10
ENSG00000248333,NA,NA,CDK11B,protein_coding,cyclin dependent kinase 11B [Source:HGNC Symbol;Acc:HGNC:1729],CDK11B
ENSG00000215790,NA,NA,SLC35E2A,protein_coding,solute carrier family 35 member E2A [Source:HGNC Symbol;Acc:HGNC:20863],SLC35E2A
ENSG00000169598,NA,NA,DFFB,protein_coding,DNA fragmentation factor subunit beta [Source:HGNC Symbol;Acc:HGNC:2773],DFFB
ENSG00000178585,NA,NA,CTNNBIP1,protein_coding,catenin beta interacting protein 1 [Source:HGNC Symbol;Acc:HGNC:16913],CTNNBIP1
ENSG00000162490,NA,ENSG00000162490,DRAXIN,protein_coding,dorsal inhibitory axon guidance protein [Source:HGNC Symbol;Acc:HGNC:25054],DRAXIN
ENSG00000132906,NA,NA,CASP9,protein_coding,caspase 9 [Source:HGNC Symbol;Acc:HGNC:1511],CASP9
ENSG00000157978,NA,NA,LDLRAP1,protein_coding,low density lipoprotein receptor adaptor protein 1 [Source:HGNC Symbol;Acc:HGNC:18640],LDLRAP1
ENSG00000116329,NA,NA,OPRD1,protein_coding,opioid receptor delta 1 [Source:HGNC Symbol;Acc:HGNC:8153],OPRD1
ENSG00000197982,NA,NA,C1orf122,protein_coding,chromosome 1 open reading frame 122 [Source:HGNC Symbol;Acc:HGNC:24789],C1orf122
ENSG00000117016,NA,NA,RIMS3,protein_coding,regulating synaptic membrane exocytosis 3 [Source:HGNC Symbol;Acc:HGNC:21292],RIMS3
ENSG00000243710,NA,NA,CFAP57,protein_coding,cilia and flagella associated protein 57 [Source:HGNC Symbol;Acc:HGNC:26485],CFAP57
ENSG00000085999,NA,NA,RAD54L,protein_coding,RAD54 like [Source:HGNC Symbol;Acc:HGNC:9826],RAD54L
ENSG00000116678,NA,NA,LEPR,protein_coding,leptin receptor [Source:HGNC Symbol;Acc:HGNC:6554],LEPR
ENSG00000152760,NA,NA,TCTEX1D1,protein_coding,Tctex1 domain containing 1 [Source:HGNC Symbol;Acc:HGNC:26882],TCTEX1D1
ENSG00000162664,NA,NA,ZNF326,protein_coding,zinc finger protein 326 [Source:HGNC Symbol;Acc:HGNC:14104],ZNF326
ENSG00000079335,NA,NA,CDC14A,protein_coding,cell division cycle 14A [Source:HGNC Symbol;Acc:HGNC:1718],CDC14A
ENSG00000163393,NA,NA,SLC22A15,protein_coding,solute carrier family 22 member 15 [Source:HGNC Symbol;Acc:HGNC:20301],SLC22A15
ENSG00000265491,NA,NA,RNF115,protein_coding,ring finger protein 115 [Source:HGNC Symbol;Acc:HGNC:18154],RNF115
ENSG00000270882,NA,NA,HIST2H4A,protein_coding,histone cluster 2 H4 family member a [Source:HGNC Symbol;Acc:HGNC:4794],HIST2H4A
ENSG00000270276,NA,NA,HIST2H4B,protein_coding,histone cluster 2 H4 family member b [Source:HGNC Symbol;Acc:HGNC:29607],HIST2H4B
ENSG00000169291,NA,NA,SHE,protein_coding,Src homology 2 domain containing E [Source:HGNC Symbol;Acc:HGNC:27004],SHE
ENSG00000180708,NA,NA,OR10K2,protein_coding,olfactory receptor family 10 subfamily K member 2 [Source:HGNC Symbol;Acc:HGNC:14826],OR10K2
ENSG00000143315,NA,NA,PIGM,protein_coding,phosphatidylinositol glycan anchor biosynthesis class M [Source:HGNC Symbol;Acc:HGNC:18858],PIGM
ENSG00000143183,NA,NA,TMCO1,protein_coding,transmembrane and coiled-coil domains 1 [Source:HGNC Symbol;Acc:HGNC:18188],TMCO1
ENSG00000116132,NA,NA,PRRX1,protein_coding,paired related homeobox 1 [Source:HGNC Symbol;Acc:HGNC:9142],PRRX1
ENSG00000117501,NA,NA,MROH9,protein_coding,maestro heat like repeat family member 9 [Source:HGNC Symbol;Acc:HGNC:26287],MROH9
ENSG00000120333,NA,NA,MRPS14,protein_coding,mitochondrial ribosomal protein S14 [Source:HGNC Symbol;Acc:HGNC:14049],MRPS14
ENSG00000058085,NA,NA,LAMC2,protein_coding,laminin subunit gamma 2 [Source:HGNC Symbol;Acc:HGNC:6493],LAMC2
ENSG00000177888,NA,NA,ZBTB41,protein_coding,zinc finger and BTB domain containing 41 [Source:HGNC Symbol;Acc:HGNC:24819],ZBTB41
ENSG00000159173,NA,NA,TNNI1,protein_coding,"troponin I1, slow skeletal type [Source:HGNC Symbol;Acc:HGNC:11945]",TNNI1
ENSG00000188783,NA,NA,PRELP,protein_coding,proline and arginine rich end leucine rich repeat protein [Source:HGNC Symbol;Acc:HGNC:9357],PRELP
ENSG00000152104,NA,NA,PTPN14,protein_coding,"protein tyrosine phosphatase, non-receptor type 14 [Source:HGNC Symbol;Acc:HGNC:9647]",PTPN14
ENSG00000143751,NA,NA,SDE2,protein_coding,SDE2 telomere maintenance homolog [Source:HGNC Symbol;Acc:HGNC:26643],SDE2
ENSG00000054267,NA,NA,ARID4B,protein_coding,AT-rich interaction domain 4B [Source:HGNC Symbol;Acc:HGNC:15550],ARID4B
ENSG00000203666,NA,NA,EFCAB2,protein_coding,EF-hand calcium binding domain 2 [Source:HGNC Symbol;Acc:HGNC:28166],EFCAB2
ENSG00000196242,NA,NA,OR2C3,protein_coding,olfactory receptor family 2 subfamily C member 3 [Source:HGNC Symbol;Acc:HGNC:15005],OR2C3
ENSG00000284824,NA,NA,GCSAML-AS1,protein_coding,GCSAML antisense RNA 1 [Source:HGNC Symbol;Acc:HGNC:41244],GCSAML-AS1
ENSG00000152147,NA,NA,GEMIN6,protein_coding,gem nuclear organelle associated protein 6 [Source:HGNC Symbol;Acc:HGNC:20044],GEMIN6
ENSG00000239605,NA,NA,STPG4,protein_coding,sperm-tail PG-rich repeat containing 4 [Source:HGNC Symbol;Acc:HGNC:26850],STPG4
ENSG00000243244,NA,NA,STON1,protein_coding,stonin 1 [Source:HGNC Symbol;Acc:HGNC:17003],STON1
ENSG00000119866,ENSG00000119866,NA,BCL11A,protein_coding,B cell CLL/lymphoma 11A [Source:HGNC Symbol;Acc:HGNC:13221],BCL11A
ENSG00000115421,NA,NA,PAPOLG,protein_coding,poly(A) polymerase gamma [Source:HGNC Symbol;Acc:HGNC:14982],PAPOLG
ENSG00000144040,NA,NA,SFXN5,protein_coding,sideroflexin 5 [Source:HGNC Symbol;Acc:HGNC:16073],SFXN5
ENSG00000124356,NA,NA,STAMBP,protein_coding,STAM binding protein [Source:HGNC Symbol;Acc:HGNC:16950],STAMBP
ENSG00000168887,NA,NA,C2orf68,protein_coding,chromosome 2 open reading frame 68 [Source:HGNC Symbol;Acc:HGNC:34353],C2orf68
ENSG00000170500,NA,NA,LONRF2,protein_coding,LON peptidase N-terminal domain and ring finger 2 [Source:HGNC Symbol;Acc:HGNC:24788],LONRF2
ENSG00000144061,NA,NA,NPHP1,protein_coding,nephrocystin 1 [Source:HGNC Symbol;Acc:HGNC:7905],NPHP1
ENSG00000182389,NA,NA,CACNB4,protein_coding,calcium voltage-gated channel auxiliary subunit beta 4 [Source:HGNC Symbol;Acc:HGNC:1404],CACNB4
ENSG00000172292,NA,NA,CERS6,protein_coding,ceramide synthase 6 [Source:HGNC Symbol;Acc:HGNC:23826],CERS6
ENSG00000152254,NA,NA,G6PC2,protein_coding,glucose-6-phosphatase catalytic subunit 2 [Source:HGNC Symbol;Acc:HGNC:28906],G6PC2
ENSG00000091436,NA,NA,MAP3K20,protein_coding,mitogen-activated protein kinase kinase kinase 20 [Source:HGNC Symbol;Acc:HGNC:17797],MAP3K20
ENSG00000204262,NA,NA,COL5A2,protein_coding,collagen type V alpha 2 chain [Source:HGNC Symbol;Acc:HGNC:2210],COL5A2
ENSG00000197121,NA,NA,PGAP1,protein_coding,post-GPI attachment to proteins 1 [Source:HGNC Symbol;Acc:HGNC:25712],PGAP1
ENSG00000064012,NA,NA,CASP8,protein_coding,caspase 8 [Source:HGNC Symbol;Acc:HGNC:1509],CASP8
ENSG00000118263,NA,NA,KLF7,protein_coding,Kruppel like factor 7 [Source:HGNC Symbol;Acc:HGNC:6350],KLF7
ENSG00000168918,NA,NA,INPP5D,protein_coding,inositol polyphosphate-5-phosphatase D [Source:HGNC Symbol;Acc:HGNC:6079],INPP5D
ENSG00000244122,NA,NA,UGT1A7,protein_coding,UDP glucuronosyltransferase family 1 member A7 [Source:HGNC Symbol;Acc:HGNC:12539],UGT1A7
ENSG00000188389,NA,NA,PDCD1,protein_coding,programmed cell death 1 [Source:HGNC Symbol;Acc:HGNC:8760],PDCD1
ENSG00000134109,NA,NA,EDEM1,protein_coding,ER degradation enhancing alpha-mannosidase like protein 1 [Source:HGNC Symbol;Acc:HGNC:18967],EDEM1
ENSG00000182533,NA,NA,CAV3,protein_coding,caveolin 3 [Source:HGNC Symbol;Acc:HGNC:1529],CAV3
ENSG00000134086,NA,NA,VHL,protein_coding,von Hippel-Lindau tumor suppressor [Source:HGNC Symbol;Acc:HGNC:12687],VHL
ENSG00000157152,NA,NA,SYN2,protein_coding,synapsin II [Source:HGNC Symbol;Acc:HGNC:11495],SYN2
ENSG00000197885,NA,NA,NKIRAS1,protein_coding,NFKB inhibitor interacting Ras like 1 [Source:HGNC Symbol;Acc:HGNC:17899],NKIRAS1
ENSG00000187118,NA,NA,CMC1,protein_coding,C-X9-C motif containing 1 [Source:HGNC Symbol;Acc:HGNC:28783],CMC1
ENSG00000170266,NA,NA,GLB1,protein_coding,galactosidase beta 1 [Source:HGNC Symbol;Acc:HGNC:4298],GLB1
ENSG00000170275,NA,NA,CRTAP,protein_coding,cartilage associated protein [Source:HGNC Symbol;Acc:HGNC:2379],CRTAP
ENSG00000273291,NA,NA,AC092042.3,protein_coding,novel protein,AC092042.3
ENSG00000180432,NA,NA,CYP8B1,protein_coding,cytochrome P450 family 8 subfamily B member 1 [Source:HGNC Symbol;Acc:HGNC:2653],CYP8B1
ENSG00000181555,NA,NA,SETD2,protein_coding,SET domain containing 2 [Source:HGNC Symbol;Acc:HGNC:18420],SETD2
ENSG00000185565,NA,NA,LSAMP,protein_coding,limbic system associated membrane protein [Source:HGNC Symbol;Acc:HGNC:6705],LSAMP
ENSG00000113971,NA,NA,NPHP3,protein_coding,nephrocystin 3 [Source:HGNC Symbol;Acc:HGNC:7907],NPHP3
ENSG00000158258,NA,NA,CLSTN2,protein_coding,calsyntenin 2 [Source:HGNC Symbol;Acc:HGNC:17448],CLSTN2
ENSG00000070087,ENSG00000070087,NA,PFN2,protein_coding,profilin 2 [Source:HGNC Symbol;Acc:HGNC:8882],PFN2
ENSG00000178053,NA,NA,MLF1,protein_coding,myeloid leukemia factor 1 [Source:HGNC Symbol;Acc:HGNC:7125],MLF1
ENSG00000163898,NA,NA,LIPH,protein_coding,lipase H [Source:HGNC Symbol;Acc:HGNC:18483],LIPH
ENSG00000072274,ENSG00000072274,ENSG00000072274,TFRC,protein_coding,transferrin receptor [Source:HGNC Symbol;Acc:HGNC:11763],TFRC
ENSG00000109171,NA,NA,SLAIN2,protein_coding,SLAIN motif family member 2 [Source:HGNC Symbol;Acc:HGNC:29282],SLAIN2
ENSG00000132464,NA,NA,ENAM,protein_coding,enamelin [Source:HGNC Symbol;Acc:HGNC:3344],ENAM
ENSG00000174792,NA,NA,ODAPH,protein_coding,odontogenesis associated phosphoprotein [Source:HGNC Symbol;Acc:HGNC:26300],ODAPH
ENSG00000138768,NA,NA,USO1,protein_coding,USO1 vesicle transport factor [Source:HGNC Symbol;Acc:HGNC:30904],USO1
ENSG00000164066,NA,NA,INTU,protein_coding,inturned planar cell polarity protein [Source:HGNC Symbol;Acc:HGNC:29239],INTU
ENSG00000164125,NA,NA,FAM198B,protein_coding,family with sequence similarity 198 member B [Source:HGNC Symbol;Acc:HGNC:25312],FAM198B
ENSG00000205208,NA,NA,C4orf46,protein_coding,chromosome 4 open reading frame 46 [Source:HGNC Symbol;Acc:HGNC:27320],C4orf46
ENSG00000154447,ENSG00000154447,NA,SH3RF1,protein_coding,SH3 domain containing ring finger 1 [Source:HGNC Symbol;Acc:HGNC:17650],SH3RF1
ENSG00000171368,NA,NA,TPPP,protein_coding,tubulin polymerization promoting protein [Source:HGNC Symbol;Acc:HGNC:24164],TPPP
ENSG00000145495,NA,NA,MARCH6,protein_coding,membrane associated ring-CH-type finger 6 [Source:HGNC Symbol;Acc:HGNC:30550],MARCH6
ENSG00000112964,NA,NA,GHR,protein_coding,growth hormone receptor [Source:HGNC Symbol;Acc:HGNC:4263],GHR
ENSG00000164172,NA,NA,MOCS2,protein_coding,molybdenum cofactor synthesis 2 [Source:HGNC Symbol;Acc:HGNC:7193],MOCS2
ENSG00000164181,NA,NA,ELOVL7,protein_coding,ELOVL fatty acid elongase 7 [Source:HGNC Symbol;Acc:HGNC:26292],ELOVL7
ENSG00000197822,NA,NA,OCLN,protein_coding,occludin [Source:HGNC Symbol;Acc:HGNC:8104],OCLN
ENSG00000122012,NA,NA,SV2C,protein_coding,synaptic vesicle glycoprotein 2C [Source:HGNC Symbol;Acc:HGNC:30670],SV2C
ENSG00000198677,NA,NA,TTC37,protein_coding,tetratricopeptide repeat domain 37 [Source:HGNC Symbol;Acc:HGNC:23639],TTC37
ENSG00000164292,NA,NA,RHOBTB3,protein_coding,Rho related BTB domain containing 3 [Source:HGNC Symbol;Acc:HGNC:18757],RHOBTB3
ENSG00000151292,NA,NA,CSNK1G3,protein_coding,casein kinase 1 gamma 3 [Source:HGNC Symbol;Acc:HGNC:2456],CSNK1G3
ENSG00000164244,NA,NA,PRRC1,protein_coding,proline rich coiled-coil 1 [Source:HGNC Symbol;Acc:HGNC:28164],PRRC1
ENSG00000198944,NA,NA,SOWAHA,protein_coding,sosondowah ankyrin repeat domain family member A [Source:HGNC Symbol;Acc:HGNC:27033],SOWAHA
ENSG00000043143,NA,NA,JADE2,protein_coding,jade family PHD finger 2 [Source:HGNC Symbol;Acc:HGNC:22984],JADE2
ENSG00000152700,NA,NA,SAR1B,protein_coding,secretion associated Ras related GTPase 1B [Source:HGNC Symbol;Acc:HGNC:10535],SAR1B
ENSG00000146005,NA,NA,PSD2,protein_coding,pleckstrin and Sec7 domain containing 2 [Source:HGNC Symbol;Acc:HGNC:19092],PSD2
ENSG00000113140,NA,NA,SPARC,protein_coding,secreted protein acidic and cysteine rich [Source:HGNC Symbol;Acc:HGNC:11219],SPARC
ENSG00000185056,NA,NA,C5orf47,protein_coding,chromosome 5 open reading frame 47 [Source:HGNC Symbol;Acc:HGNC:27026],C5orf47
ENSG00000285476,NA,NA,AC139491.7,protein_coding,novel transcript,AC139491.7
ENSG00000170074,NA,NA,FAM153A,protein_coding,family with sequence similarity 153 member A [Source:HGNC Symbol;Acc:HGNC:29940],FAM153A
ENSG00000137266,NA,NA,SLC22A23,protein_coding,solute carrier family 22 member 23 [Source:HGNC Symbol;Acc:HGNC:21106],SLC22A23
ENSG00000112294,NA,NA,ALDH5A1,protein_coding,aldehyde dehydrogenase 5 family member A1 [Source:HGNC Symbol;Acc:HGNC:408],ALDH5A1
ENSG00000137166,NA,NA,FOXP4,protein_coding,forkhead box P4 [Source:HGNC Symbol;Acc:HGNC:20842],FOXP4
ENSG00000137171,NA,NA,KLC4,protein_coding,kinesin light chain 4 [Source:HGNC Symbol;Acc:HGNC:21624],KLC4
ENSG00000112218,NA,NA,GPR63,protein_coding,G protein-coupled receptor 63 [Source:HGNC Symbol;Acc:HGNC:13302],GPR63
ENSG00000112394,NA,NA,SLC16A10,protein_coding,solute carrier family 16 member 10 [Source:HGNC Symbol;Acc:HGNC:17027],SLC16A10
ENSG00000146352,NA,NA,CLVS2,protein_coding,clavesin 2 [Source:HGNC Symbol;Acc:HGNC:23046],CLVS2
ENSG00000079950,NA,NA,STX7,protein_coding,syntaxin 7 [Source:HGNC Symbol;Acc:HGNC:11442],STX7
ENSG00000131018,NA,NA,SYNE1,protein_coding,spectrin repeat containing nuclear envelope protein 1 [Source:HGNC Symbol;Acc:HGNC:17089],SYNE1
ENSG00000185345,NA,NA,PRKN,protein_coding,parkin RBR E3 ubiquitin protein ligase [Source:HGNC Symbol;Acc:HGNC:8607],PRKN
ENSG00000164849,NA,NA,GPR146,protein_coding,G protein-coupled receptor 146 [Source:HGNC Symbol;Acc:HGNC:21718],GPR146
ENSG00000164916,NA,NA,FOXK1,protein_coding,forkhead box K1 [Source:HGNC Symbol;Acc:HGNC:23480],FOXK1
ENSG00000011275,ENSG00000011275,NA,RNF216,protein_coding,ring finger protein 216 [Source:HGNC Symbol;Acc:HGNC:21698],RNF216
ENSG00000106460,NA,NA,TMEM106B,protein_coding,transmembrane protein 106B [Source:HGNC Symbol;Acc:HGNC:22407],TMEM106B
ENSG00000188732,NA,NA,FAM221A,protein_coding,family with sequence similarity 221 member A [Source:HGNC Symbol;Acc:HGNC:27977],FAM221A
ENSG00000172115,NA,NA,CYCS,protein_coding,"cytochrome c, somatic [Source:HGNC Symbol;Acc:HGNC:19986]",CYCS
ENSG00000122566,NA,NA,HNRNPA2B1,protein_coding,heterogeneous nuclear ribonucleoprotein A2/B1 [Source:HGNC Symbol;Acc:HGNC:5033],HNRNPA2B1
ENSG00000106086,NA,NA,PLEKHA8,protein_coding,pleckstrin homology domain containing A8 [Source:HGNC Symbol;Acc:HGNC:30037],PLEKHA8
ENSG00000122545,NA,NA,SEPT7,protein_coding,septin 7 [Source:HGNC Symbol;Acc:HGNC:1717],SEPT7
ENSG00000106588,NA,NA,PSMA2,protein_coding,proteasome subunit alpha 2 [Source:HGNC Symbol;Acc:HGNC:9531],PSMA2
ENSG00000198839,NA,NA,ZNF277,protein_coding,zinc finger protein 277 [Source:HGNC Symbol;Acc:HGNC:13070],ZNF277
ENSG00000128510,NA,NA,CPA4,protein_coding,carboxypeptidase A4 [Source:HGNC Symbol;Acc:HGNC:15740],CPA4
ENSG00000157741,NA,ENSG00000157741,UBN2,protein_coding,ubinuclein 2 [Source:HGNC Symbol;Acc:HGNC:21931],UBN2
ENSG00000101846,NA,NA,STS,protein_coding,steroid sulfatase [Source:HGNC Symbol;Acc:HGNC:11425],STS
ENSG00000008086,NA,NA,CDKL5,protein_coding,cyclin dependent kinase like 5 [Source:HGNC Symbol;Acc:HGNC:11411],CDKL5
ENSG00000147036,NA,NA,LANCL3,protein_coding,LanC like 3 [Source:HGNC Symbol;Acc:HGNC:24767],LANCL3
ENSG00000147065,NA,NA,MSN,protein_coding,moesin [Source:HGNC Symbol;Acc:HGNC:7373],MSN
ENSG00000131269,NA,NA,ABCB7,protein_coding,ATP binding cassette subfamily B member 7 [Source:HGNC Symbol;Acc:HGNC:48],ABCB7
ENSG00000165240,NA,NA,ATP7A,protein_coding,ATPase copper transporting alpha [Source:HGNC Symbol;Acc:HGNC:869],ATP7A
ENSG00000174740,NA,NA,PABPC5,protein_coding,poly(A) binding protein cytoplasmic 5 [Source:HGNC Symbol;Acc:HGNC:13629],PABPC5
ENSG00000101892,NA,NA,ATP1B4,protein_coding,ATPase Na+/K+ transporting family member beta 4 [Source:HGNC Symbol;Acc:HGNC:808],ATP1B4
ENSG00000076770,NA,NA,MBNL3,protein_coding,muscleblind like splicing regulator 3 [Source:HGNC Symbol;Acc:HGNC:20564],MBNL3
ENSG00000134590,NA,NA,RTL8C,protein_coding,retrotransposon Gag like 8C [Source:HGNC Symbol;Acc:HGNC:2569],RTL8C
ENSG00000203950,NA,NA,RTL8A,protein_coding,retrotransposon Gag like 8A [Source:HGNC Symbol;Acc:HGNC:24514],RTL8A
ENSG00000182372,NA,NA,CLN8,protein_coding,"CLN8, transmembrane ER and ERGIC protein [Source:HGNC Symbol;Acc:HGNC:2079]",CLN8
ENSG00000158669,NA,NA,GPAT4,protein_coding,glycerol-3-phosphate acyltransferase 4 [Source:HGNC Symbol;Acc:HGNC:20880],GPAT4
ENSG00000170791,NA,NA,CHCHD7,protein_coding,coiled-coil-helix-coiled-coil-helix domain containing 7 [Source:HGNC Symbol;Acc:HGNC:28314],CHCHD7
ENSG00000170786,NA,NA,SDR16C5,protein_coding,short chain dehydrogenase/reductase family 16C member 5 [Source:HGNC Symbol;Acc:HGNC:30311],SDR16C5
ENSG00000104388,NA,NA,RAB2A,protein_coding,"RAB2A, member RAS oncogene family [Source:HGNC Symbol;Acc:HGNC:9763]",RAB2A
ENSG00000198363,NA,NA,ASPH,protein_coding,aspartate beta-hydroxylase [Source:HGNC Symbol;Acc:HGNC:757],ASPH
ENSG00000165084,NA,NA,C8orf34,protein_coding,chromosome 8 open reading frame 34 [Source:HGNC Symbol;Acc:HGNC:30905],C8orf34
ENSG00000164751,NA,NA,PEX2,protein_coding,peroxisomal biogenesis factor 2 [Source:HGNC Symbol;Acc:HGNC:9717],PEX2
ENSG00000164953,NA,NA,TMEM67,protein_coding,transmembrane protein 67 [Source:HGNC Symbol;Acc:HGNC:28396],TMEM67
ENSG00000042832,NA,NA,TG,protein_coding,thyroglobulin [Source:HGNC Symbol;Acc:HGNC:11764],TG
ENSG00000122692,NA,NA,SMU1,protein_coding,"SMU1, DNA replication regulator and spliceosomal factor [Source:HGNC Symbol;Acc:HGNC:18247]",SMU1
ENSG00000283486,NA,NA,FAM95C,protein_coding,family with sequence similarity 95 member C [Source:HGNC Symbol;Acc:HGNC:45272],FAM95C
ENSG00000175787,NA,NA,ZNF169,protein_coding,zinc finger protein 169 [Source:HGNC Symbol;Acc:HGNC:12957],ZNF169
ENSG00000070214,NA,NA,SLC44A1,protein_coding,solute carrier family 44 member 1 [Source:HGNC Symbol;Acc:HGNC:18798],SLC44A1
ENSG00000148143,ENSG00000148143,NA,ZNF462,protein_coding,zinc finger protein 462 [Source:HGNC Symbol;Acc:HGNC:21684],ZNF462
ENSG00000070061,NA,NA,ELP1,protein_coding,elongator complex protein 1 [Source:HGNC Symbol;Acc:HGNC:5959],ELP1
ENSG00000136944,NA,NA,LMX1B,protein_coding,LIM homeobox transcription factor 1 beta [Source:HGNC Symbol;Acc:HGNC:6654],LMX1B
ENSG00000130559,NA,NA,CAMSAP1,protein_coding,calmodulin regulated spectrin associated protein 1 [Source:HGNC Symbol;Acc:HGNC:19946],CAMSAP1
ENSG00000110665,NA,NA,C11orf21,protein_coding,chromosome 11 open reading frame 21 [Source:HGNC Symbol;Acc:HGNC:13231],C11orf21
ENSG00000167333,NA,NA,TRIM68,protein_coding,tripartite motif containing 68 [Source:HGNC Symbol;Acc:HGNC:21161],TRIM68
ENSG00000109911,NA,NA,ELP4,protein_coding,elongator acetyltransferase complex subunit 4 [Source:HGNC Symbol;Acc:HGNC:1171],ELP4
ENSG00000135362,NA,NA,PRR5L,protein_coding,proline rich 5 like [Source:HGNC Symbol;Acc:HGNC:25878],PRR5L
ENSG00000172543,NA,NA,CTSW,protein_coding,cathepsin W [Source:HGNC Symbol;Acc:HGNC:2546],CTSW
ENSG00000131626,NA,NA,PPFIA1,protein_coding,PTPRF interacting protein alpha 1 [Source:HGNC Symbol;Acc:HGNC:9245],PPFIA1
ENSG00000171561,NA,NA,OR2AT4,protein_coding,olfactory receptor family 2 subfamily AT member 4 [Source:HGNC Symbol;Acc:HGNC:19620],OR2AT4
ENSG00000214376,NA,NA,VSTM5,protein_coding,V-set and transmembrane domain containing 5 [Source:HGNC Symbol;Acc:HGNC:34443],VSTM5
ENSG00000166037,NA,NA,CEP57,protein_coding,centrosomal protein 57 [Source:HGNC Symbol;Acc:HGNC:30794],CEP57
ENSG00000178105,NA,NA,DDX10,protein_coding,DEAD-box helicase 10 [Source:HGNC Symbol;Acc:HGNC:2735],DDX10
ENSG00000086848,NA,NA,ALG9,protein_coding,"ALG9, alpha-1,2-mannosyltransferase [Source:HGNC Symbol;Acc:HGNC:15672]",ALG9
ENSG00000168092,NA,NA,PAFAH1B2,protein_coding,platelet activating factor acetylhydrolase 1b catalytic subunit 2 [Source:HGNC Symbol;Acc:HGNC:8575],PAFAH1B2
ENSG00000137731,NA,NA,FXYD2,protein_coding,FXYD domain containing ion transport regulator 2 [Source:HGNC Symbol;Acc:HGNC:4026],FXYD2
ENSG00000137726,NA,NA,FXYD6,protein_coding,FXYD domain containing ion transport regulator 6 [Source:HGNC Symbol;Acc:HGNC:4030],FXYD6
ENSG00000198879,NA,NA,SFMBT2,protein_coding,Scm like with four mbt domains 2 [Source:HGNC Symbol;Acc:HGNC:20256],SFMBT2
ENSG00000165626,NA,NA,BEND7,protein_coding,BEN domain containing 7 [Source:HGNC Symbol;Acc:HGNC:23514],BEND7
ENSG00000152457,NA,NA,DCLRE1C,protein_coding,DNA cross-link repair 1C [Source:HGNC Symbol;Acc:HGNC:17642],DCLRE1C
ENSG00000216937,NA,NA,CCDC7,protein_coding,coiled-coil domain containing 7 [Source:HGNC Symbol;Acc:HGNC:26533],CCDC7
ENSG00000185532,NA,NA,PRKG1,protein_coding,protein kinase cGMP-dependent 1 [Source:HGNC Symbol;Acc:HGNC:9414],PRKG1
ENSG00000148730,NA,NA,EIF4EBP2,protein_coding,eukaryotic translation initiation factor 4E binding protein 2 [Source:HGNC Symbol;Acc:HGNC:3289],EIF4EBP2
ENSG00000166295,NA,NA,ANAPC16,protein_coding,anaphase promoting complex subunit 16 [Source:HGNC Symbol;Acc:HGNC:26976],ANAPC16
ENSG00000166343,NA,NA,MSS51,protein_coding,MSS51 mitochondrial translational activator [Source:HGNC Symbol;Acc:HGNC:21000],MSS51
ENSG00000148660,NA,NA,CAMK2G,protein_coding,calcium/calmodulin dependent protein kinase II gamma [Source:HGNC Symbol;Acc:HGNC:1463],CAMK2G
ENSG00000185737,NA,NA,NRG3,protein_coding,neuregulin 3 [Source:HGNC Symbol;Acc:HGNC:7999],NRG3
ENSG00000062650,NA,NA,WAPL,protein_coding,WAPL cohesin release factor [Source:HGNC Symbol;Acc:HGNC:23293],WAPL
ENSG00000107779,NA,NA,BMPR1A,protein_coding,bone morphogenetic protein receptor type 1A [Source:HGNC Symbol;Acc:HGNC:1076],BMPR1A
ENSG00000197430,NA,NA,OPALIN,protein_coding,oligodendrocytic myelin paranodal and inner loop protein [Source:HGNC Symbol;Acc:HGNC:20707],OPALIN
ENSG00000099194,NA,NA,SCD,protein_coding,stearoyl-CoA desaturase [Source:HGNC Symbol;Acc:HGNC:10571],SCD
ENSG00000166135,NA,NA,HIF1AN,protein_coding,hypoxia inducible factor 1 subunit alpha inhibitor [Source:HGNC Symbol;Acc:HGNC:17113],HIF1AN
ENSG00000107882,NA,NA,SUFU,protein_coding,SUFU negative regulator of hedgehog signaling [Source:HGNC Symbol;Acc:HGNC:16466],SUFU
ENSG00000184293,NA,NA,CLECL1,protein_coding,C-type lectin like 1 [Source:HGNC Symbol;Acc:HGNC:24462],CLECL1
ENSG00000179256,NA,NA,SMCO3,protein_coding,single-pass membrane protein with coiled-coil domains 3 [Source:HGNC Symbol;Acc:HGNC:34401],SMCO3
ENSG00000023697,NA,NA,DERA,protein_coding,deoxyribose-phosphate aldolase [Source:HGNC Symbol;Acc:HGNC:24269],DERA
ENSG00000129317,NA,NA,PUS7L,protein_coding,pseudouridylate synthase 7 like [Source:HGNC Symbol;Acc:HGNC:25276],PUS7L
ENSG00000177119,NA,NA,ANO6,protein_coding,anoctamin 6 [Source:HGNC Symbol;Acc:HGNC:25240],ANO6
ENSG00000139218,NA,NA,SCAF11,protein_coding,SR-related CTD associated factor 11 [Source:HGNC Symbol;Acc:HGNC:10784],SCAF11
ENSG00000134291,NA,NA,TMEM106C,protein_coding,transmembrane protein 106C [Source:HGNC Symbol;Acc:HGNC:28775],TMEM106C
ENSG00000174233,NA,NA,ADCY6,protein_coding,adenylate cyclase 6 [Source:HGNC Symbol;Acc:HGNC:237],ADCY6
ENSG00000139645,NA,NA,ANKRD52,protein_coding,ankyrin repeat domain 52 [Source:HGNC Symbol;Acc:HGNC:26614],ANKRD52
ENSG00000259075,NA,NA,POC1B-GALNT4,protein_coding,POC1B-GALNT4 readthrough [Source:HGNC Symbol;Acc:HGNC:42957],POC1B-GALNT4
ENSG00000257594,NA,NA,GALNT4,protein_coding,polypeptide N-acetylgalactosaminyltransferase 4 [Source:HGNC Symbol;Acc:HGNC:4126],GALNT4
ENSG00000177889,NA,NA,UBE2N,protein_coding,ubiquitin conjugating enzyme E2 N [Source:HGNC Symbol;Acc:HGNC:12492],UBE2N
ENSG00000111142,NA,NA,METAP2,protein_coding,methionyl aminopeptidase 2 [Source:HGNC Symbol;Acc:HGNC:16672],METAP2
ENSG00000075089,NA,NA,ACTR6,protein_coding,ARP6 actin related protein 6 homolog [Source:HGNC Symbol;Acc:HGNC:24025],ACTR6
ENSG00000139719,NA,NA,VPS33A,protein_coding,"VPS33A, CORVET/HOPS core subunit [Source:HGNC Symbol;Acc:HGNC:18179]",VPS33A
ENSG00000072609,NA,NA,CHFR,protein_coding,checkpoint with forkhead and ring finger domains [Source:HGNC Symbol;Acc:HGNC:20455],CHFR
ENSG00000180776,NA,NA,ZDHHC20,protein_coding,zinc finger DHHC-type containing 20 [Source:HGNC Symbol;Acc:HGNC:20749],ZDHHC20
ENSG00000180440,NA,NA,SERTM1,protein_coding,serine rich and transmembrane domain containing 1 [Source:HGNC Symbol;Acc:HGNC:33792],SERTM1
ENSG00000126217,NA,NA,MCF2L,protein_coding,MCF.2 cell line derived transforming sequence like [Source:HGNC Symbol;Acc:HGNC:14576],MCF2L
ENSG00000176230,NA,NA,OR4K17,protein_coding,olfactory receptor family 4 subfamily K member 17 [Source:HGNC Symbol;Acc:HGNC:15355],OR4K17
ENSG00000165801,NA,NA,ARHGEF40,protein_coding,Rho guanine nucleotide exchange factor 40 [Source:HGNC Symbol;Acc:HGNC:25516],ARHGEF40
ENSG00000129521,NA,NA,EGLN3,protein_coding,egl-9 family hypoxia inducible factor 3 [Source:HGNC Symbol;Acc:HGNC:14661],EGLN3
ENSG00000126773,NA,NA,PCNX4,protein_coding,pecanex 4 [Source:HGNC Symbol;Acc:HGNC:20349],PCNX4
ENSG00000054654,NA,NA,SYNE2,protein_coding,spectrin repeat containing nuclear envelope protein 2 [Source:HGNC Symbol;Acc:HGNC:17084],SYNE2
ENSG00000126822,NA,NA,PLEKHG3,protein_coding,pleckstrin homology and RhoGEF domain containing G3 [Source:HGNC Symbol;Acc:HGNC:20364],PLEKHG3
ENSG00000119596,NA,NA,YLPM1,protein_coding,YLP motif containing 1 [Source:HGNC Symbol;Acc:HGNC:17798],YLPM1
ENSG00000119608,NA,NA,PROX2,protein_coding,prospero homeobox 2 [Source:HGNC Symbol;Acc:HGNC:26715],PROX2
ENSG00000100580,NA,NA,TMED8,protein_coding,transmembrane p24 trafficking protein family member 8 [Source:HGNC Symbol;Acc:HGNC:18633],TMED8
ENSG00000185070,NA,NA,FLRT2,protein_coding,fibronectin leucine rich transmembrane protein 2 [Source:HGNC Symbol;Acc:HGNC:3761],FLRT2
ENSG00000100722,NA,NA,ZC3H14,protein_coding,zinc finger CCCH-type containing 14 [Source:HGNC Symbol;Acc:HGNC:20509],ZC3H14
ENSG00000278522,NA,NA,POTEB3,protein_coding,POTE ankyrin domain family member B3 [Source:HGNC Symbol;Acc:HGNC:51240],POTEB3
ENSG00000137872,NA,NA,SEMA6D,protein_coding,semaphorin 6D [Source:HGNC Symbol;Acc:HGNC:16770],SEMA6D
ENSG00000128923,NA,NA,MINDY2,protein_coding,MINDY lysine 48 deubiquitinase 2 [Source:HGNC Symbol;Acc:HGNC:26954],MINDY2
ENSG00000187806,NA,NA,TMEM202,protein_coding,transmembrane protein 202 [Source:HGNC Symbol;Acc:HGNC:33733],TMEM202
ENSG00000166233,NA,NA,ARIH1,protein_coding,ariadne RBR E3 ubiquitin protein ligase 1 [Source:HGNC Symbol;Acc:HGNC:689],ARIH1
ENSG00000140365,NA,NA,COMMD4,protein_coding,COMM domain containing 4 [Source:HGNC Symbol;Acc:HGNC:26027],COMMD4
ENSG00000064726,NA,NA,BTBD1,protein_coding,BTB domain containing 1 [Source:HGNC Symbol;Acc:HGNC:1120],BTBD1
ENSG00000170776,NA,NA,AKAP13,protein_coding,A-kinase anchoring protein 13 [Source:HGNC Symbol;Acc:HGNC:371],AKAP13
ENSG00000182768,NA,NA,NGRN,protein_coding,"neugrin, neurite outgrowth associated [Source:HGNC Symbol;Acc:HGNC:18077]",NGRN
ENSG00000140443,NA,NA,IGF1R,protein_coding,insulin like growth factor 1 receptor [Source:HGNC Symbol;Acc:HGNC:5465],IGF1R
ENSG00000154227,NA,NA,CERS3,protein_coding,ceramide synthase 3 [Source:HGNC Symbol;Acc:HGNC:23752],CERS3
ENSG00000090581,NA,NA,GNPTG,protein_coding,N-acetylglucosamine-1-phosphate transferase subunit gamma [Source:HGNC Symbol;Acc:HGNC:23026],GNPTG
ENSG00000167977,NA,NA,KCTD5,protein_coding,potassium channel tetramerization domain containing 5 [Source:HGNC Symbol;Acc:HGNC:21423],KCTD5
ENSG00000005189,NA,NA,REXO5,protein_coding,RNA exonuclease 5 [Source:HGNC Symbol;Acc:HGNC:24661],REXO5
ENSG00000197162,NA,NA,ZNF785,protein_coding,zinc finger protein 785 [Source:HGNC Symbol;Acc:HGNC:26496],ZNF785
ENSG00000156873,NA,NA,PHKG2,protein_coding,phosphorylase kinase catalytic subunit gamma 2 [Source:HGNC Symbol;Acc:HGNC:8931],PHKG2
ENSG00000172775,NA,NA,FAM192A,protein_coding,family with sequence similarity 192 member A [Source:HGNC Symbol;Acc:HGNC:29856],FAM192A
ENSG00000141084,NA,NA,RANBP10,protein_coding,RAN binding protein 10 [Source:HGNC Symbol;Acc:HGNC:29285],RANBP10
ENSG00000171724,NA,NA,VAT1L,protein_coding,vesicle amine transport 1 like [Source:HGNC Symbol;Acc:HGNC:29315],VAT1L
ENSG00000153789,NA,NA,FAM92B,protein_coding,family with sequence similarity 92 member B [Source:HGNC Symbol;Acc:HGNC:24781],FAM92B
ENSG00000197879,NA,NA,MYO1C,protein_coding,myosin IC [Source:HGNC Symbol;Acc:HGNC:7597],MYO1C
ENSG00000074356,NA,NA,NCBP3,protein_coding,nuclear cap binding subunit 3 [Source:HGNC Symbol;Acc:HGNC:24612],NCBP3
ENSG00000129204,NA,NA,USP6,protein_coding,ubiquitin specific peptidase 6 [Source:HGNC Symbol;Acc:HGNC:12629],USP6
ENSG00000004975,ENSG00000004975,NA,DVL2,protein_coding,dishevelled segment polarity protein 2 [Source:HGNC Symbol;Acc:HGNC:3086],DVL2
ENSG00000266302,NA,NA,AC098850.3,protein_coding,novel transcript,AC098850.3
ENSG00000133030,NA,NA,MPRIP,protein_coding,myosin phosphatase Rho interacting protein [Source:HGNC Symbol;Acc:HGNC:30321],MPRIP
ENSG00000076351,NA,NA,SLC46A1,protein_coding,solute carrier family 46 member 1 [Source:HGNC Symbol;Acc:HGNC:30521],SLC46A1
ENSG00000108576,NA,NA,SLC6A4,protein_coding,solute carrier family 6 member 4 [Source:HGNC Symbol;Acc:HGNC:11050],SLC6A4
ENSG00000166750,NA,NA,SLFN5,protein_coding,schlafen family member 5 [Source:HGNC Symbol;Acc:HGNC:28286],SLFN5
ENSG00000161405,NA,NA,IKZF3,protein_coding,IKAROS family zinc finger 3 [Source:HGNC Symbol;Acc:HGNC:13178],IKZF3
ENSG00000184988,NA,NA,TMEM106A,protein_coding,transmembrane protein 106A [Source:HGNC Symbol;Acc:HGNC:28288],TMEM106A
ENSG00000161714,NA,NA,PLCD3,protein_coding,phospholipase C delta 3 [Source:HGNC Symbol;Acc:HGNC:9061],PLCD3
ENSG00000006282,NA,NA,SPATA20,protein_coding,spermatogenesis associated 20 [Source:HGNC Symbol;Acc:HGNC:26125],SPATA20
ENSG00000175175,NA,NA,PPM1E,protein_coding,"protein phosphatase, Mg2+/Mn2+ dependent 1E [Source:HGNC Symbol;Acc:HGNC:19322]",PPM1E
ENSG00000180901,NA,NA,KCTD2,protein_coding,potassium channel tetramerization domain containing 2 [Source:HGNC Symbol;Acc:HGNC:21294],KCTD2
ENSG00000183206,NA,NA,POTEC,protein_coding,POTE ankyrin domain family member C [Source:HGNC Symbol;Acc:HGNC:33894],POTEC
ENSG00000075643,NA,NA,MOCOS,protein_coding,molybdenum cofactor sulfurase [Source:HGNC Symbol;Acc:HGNC:18234],MOCOS
ENSG00000152234,NA,NA,ATP5F1A,protein_coding,ATP synthase F1 subunit alpha [Source:HGNC Symbol;Acc:HGNC:823],ATP5F1A
ENSG00000185019,NA,NA,UBOX5,protein_coding,U-box domain containing 5 [Source:HGNC Symbol;Acc:HGNC:17777],UBOX5
ENSG00000132640,NA,NA,BTBD3,protein_coding,BTB domain containing 3 [Source:HGNC Symbol;Acc:HGNC:15854],BTBD3
ENSG00000188559,NA,NA,RALGAPA2,protein_coding,Ral GTPase activating protein catalytic alpha subunit 2 [Source:HGNC Symbol;Acc:HGNC:16207],RALGAPA2
ENSG00000131061,NA,NA,ZNF341,protein_coding,zinc finger protein 341 [Source:HGNC Symbol;Acc:HGNC:15992],ZNF341
ENSG00000101421,NA,NA,CHMP4B,protein_coding,charged multivesicular body protein 4B [Source:HGNC Symbol;Acc:HGNC:16171],CHMP4B
ENSG00000196090,NA,NA,PTPRT,protein_coding,"protein tyrosine phosphatase, receptor type T [Source:HGNC Symbol;Acc:HGNC:9682]",PTPRT
ENSG00000197818,NA,NA,SLC9A8,protein_coding,solute carrier family 9 member A8 [Source:HGNC Symbol;Acc:HGNC:20728],SLC9A8
ENSG00000101189,NA,NA,MRGBP,protein_coding,MRG domain binding protein [Source:HGNC Symbol;Acc:HGNC:15866],MRGBP
ENSG00000075043,NA,NA,KCNQ2,protein_coding,potassium voltage-gated channel subfamily Q member 2 [Source:HGNC Symbol;Acc:HGNC:6296],KCNQ2
ENSG00000185361,NA,NA,TNFAIP8L1,protein_coding,TNF alpha induced protein 8 like 1 [Source:HGNC Symbol;Acc:HGNC:28279],TNFAIP8L1
ENSG00000170923,NA,NA,OR7G2,protein_coding,olfactory receptor family 7 subfamily G member 2 [Source:HGNC Symbol;Acc:HGNC:8466],OR7G2
ENSG00000173875,NA,NA,ZNF791,protein_coding,zinc finger protein 791 [Source:HGNC Symbol;Acc:HGNC:26895],ZNF791
ENSG00000172519,NA,NA,OR10H5,protein_coding,olfactory receptor family 10 subfamily H member 5 [Source:HGNC Symbol;Acc:HGNC:15389],OR10H5
ENSG00000072958,NA,NA,AP1M1,protein_coding,adaptor related protein complex 1 subunit mu 1 [Source:HGNC Symbol;Acc:HGNC:13667],AP1M1
ENSG00000196268,NA,NA,ZNF493,protein_coding,zinc finger protein 493 [Source:HGNC Symbol;Acc:HGNC:23708],ZNF493
ENSG00000213973,NA,NA,ZNF99,protein_coding,zinc finger protein 99 [Source:HGNC Symbol;Acc:HGNC:13175],ZNF99
ENSG00000105220,NA,NA,GPI,protein_coding,glucose-6-phosphate isomerase [Source:HGNC Symbol;Acc:HGNC:4458],GPI
ENSG00000142279,NA,NA,WTIP,protein_coding,WT1 interacting protein [Source:HGNC Symbol;Acc:HGNC:20964],WTIP
ENSG00000124469,NA,NA,CEACAM8,protein_coding,carcinoembryonic antigen related cell adhesion molecule 8 [Source:HGNC Symbol;Acc:HGNC:1820],CEACAM8
ENSG00000170848,NA,NA,PSG6,protein_coding,pregnancy specific beta-1-glycoprotein 6 [Source:HGNC Symbol;Acc:HGNC:9523],PSG6
ENSG00000174951,NA,NA,FUT1,protein_coding,fucosyltransferase 1 (H blood group) [Source:HGNC Symbol;Acc:HGNC:4012],FUT1
ENSG00000221923,NA,NA,ZNF880,protein_coding,zinc finger protein 880 [Source:HGNC Symbol;Acc:HGNC:37249],ZNF880
ENSG00000197937,NA,NA,ZNF347,protein_coding,zinc finger protein 347 [Source:HGNC Symbol;Acc:HGNC:16447],ZNF347
ENSG00000160439,NA,NA,RDH13,protein_coding,retinol dehydrogenase 13 [Source:HGNC Symbol;Acc:HGNC:19978],RDH13
ENSG00000131037,NA,NA,EPS8L1,protein_coding,EPS8 like 1 [Source:HGNC Symbol;Acc:HGNC:21295],EPS8L1
ENSG00000187902,NA,NA,SHISA7,protein_coding,shisa family member 7 [Source:HGNC Symbol;Acc:HGNC:35409],SHISA7
ENSG00000215193,NA,NA,PEX26,protein_coding,peroxisomal biogenesis factor 26 [Source:HGNC Symbol;Acc:HGNC:22965],PEX26
ENSG00000167037,NA,NA,SGSM1,protein_coding,small G protein signaling modulator 1 [Source:HGNC Symbol;Acc:HGNC:29410],SGSM1
ENSG00000239900,NA,NA,ADSL,protein_coding,adenylosuccinate lyase [Source:HGNC Symbol;Acc:HGNC:291],ADSL
ENSG00000198911,NA,NA,SREBF2,protein_coding,sterol regulatory element binding transcription factor 2 [Source:HGNC Symbol;Acc:HGNC:11290],SREBF2
ENSG00000188677,NA,NA,PARVB,protein_coding,parvin beta [Source:HGNC Symbol;Acc:HGNC:14653],PARVB
ENSG00000205593,NA,NA,DENND6B,protein_coding,DENN domain containing 6B [Source:HGNC Symbol;Acc:HGNC:32690],DENND6B
ENSG00000142166,NA,NA,IFNAR1,protein_coding,interferon alpha and beta receptor subunit 1 [Source:HGNC Symbol;Acc:HGNC:5432],IFNAR1
ENSG00000157542,NA,NA,KCNJ6,protein_coding,potassium voltage-gated channel subfamily J member 6 [Source:HGNC Symbol;Acc:HGNC:6267],KCNJ6
ENSG00000185658,NA,NA,BRWD1,protein_coding,bromodomain and WD repeat domain containing 1 [Source:HGNC Symbol;Acc:HGNC:12760],BRWD1
ENSG00000160183,NA,NA,TMPRSS3,protein_coding,transmembrane serine protease 3 [Source:HGNC Symbol;Acc:HGNC:11877],TMPRSS3
ENSG00000197381,NA,NA,ADARB1,protein_coding,"adenosine deaminase, RNA specific B1 [Source:HGNC Symbol;Acc:HGNC:226]",ADARB1
ENSG00000040341,ENSG00000040341,NA,STAU2,protein_coding,staufen double-stranded RNA binding protein 2 [Source:HGNC Symbol;Acc:HGNC:11371],STAU2
ENSG00000112200,ENSG00000112200,NA,ZNF451,protein_coding,zinc finger protein 451 [Source:HGNC Symbol;Acc:HGNC:21091],ZNF451
ENSG00000114933,ENSG00000114933,NA,INO80D,protein_coding,INO80 complex subunit D [Source:HGNC Symbol;Acc:HGNC:25997],INO80D
ENSG00000068024,ENSG00000068024,NA,HDAC4,protein_coding,histone deacetylase 4 [Source:HGNC Symbol;Acc:HGNC:14063],HDAC4
ENSG00000173930,ENSG00000173930,NA,SLCO4C1,protein_coding,solute carrier organic anion transporter family member 4C1 [Source:HGNC Symbol;Acc:HGNC:23612],SLCO4C1
ENSG00000119541,ENSG00000119541,NA,VPS4B,protein_coding,vacuolar protein sorting 4 homolog B [Source:HGNC Symbol;Acc:HGNC:10895],VPS4B
ENSG00000118193,ENSG00000118193,NA,KIF14,protein_coding,kinesin family member 14 [Source:HGNC Symbol;Acc:HGNC:19181],KIF14
ENSG00000135824,ENSG00000135824,NA,RGS8,protein_coding,regulator of G protein signaling 8 [Source:HGNC Symbol;Acc:HGNC:16810],RGS8
ENSG00000143324,ENSG00000143324,NA,XPR1,protein_coding,xenotropic and polytropic retrovirus receptor 1 [Source:HGNC Symbol;Acc:HGNC:12827],XPR1
ENSG00000185630,ENSG00000185630,NA,PBX1,protein_coding,PBX homeobox 1 [Source:HGNC Symbol;Acc:HGNC:8632],PBX1
,,NA,NA,NA,NA,NA
ENSG00000143799,ENSG00000143799,NA,PARP1,protein_coding,poly(ADP-ribose) polymerase 1 [Source:HGNC Symbol;Acc:HGNC:270],PARP1
ENSG00000117597,ENSG00000117597,NA,UTP25,protein_coding,"UTP25, small subunit processor component [Source:HGNC Symbol;Acc:HGNC:28440]",UTP25
ENSG00000151474,ENSG00000151474,NA,FRMD4A,protein_coding,FERM domain containing 4A [Source:HGNC Symbol;Acc:HGNC:25491],FRMD4A
ENSG00000136738,ENSG00000136738,NA,STAM,protein_coding,signal transducing adaptor molecule [Source:HGNC Symbol;Acc:HGNC:11357],STAM
ENSG00000165688,ENSG00000165688,NA,PMPCA,protein_coding,"peptidase, mitochondrial processing alpha subunit [Source:HGNC Symbol;Acc:HGNC:18667]",PMPCA
ENSG00000181939,ENSG00000181939,NA,OR4C15,protein_coding,olfactory receptor family 4 subfamily C member 15 [Source:HGNC Symbol;Acc:HGNC:15171],OR4C15
ENSG00000149084,ENSG00000149084,NA,HSD17B12,protein_coding,hydroxysteroid 17-beta dehydrogenase 12 [Source:HGNC Symbol;Acc:HGNC:18646],HSD17B12
ENSG00000104043,ENSG00000104043,NA,ATP8B4,protein_coding,ATPase phospholipid transporting 8B4 (putative) [Source:HGNC Symbol;Acc:HGNC:13536],ATP8B4
ENSG00000155066,ENSG00000155066,NA,PROM2,protein_coding,prominin 2 [Source:HGNC Symbol;Acc:HGNC:20685],PROM2
ENSG00000125812,ENSG00000125812,NA,GZF1,protein_coding,GDNF inducible zinc finger protein 1 [Source:HGNC Symbol;Acc:HGNC:15808],GZF1
ENSG00000101294,ENSG00000101294,NA,HM13,protein_coding,histocompatibility minor 13 [Source:HGNC Symbol;Acc:HGNC:16435],HM13
ENSG00000101109,ENSG00000101109,NA,STK4,protein_coding,serine/threonine kinase 4 [Source:HGNC Symbol;Acc:HGNC:11408],STK4
ENSG00000156298,ENSG00000156298,NA,TSPAN7,protein_coding,tetraspanin 7 [Source:HGNC Symbol;Acc:HGNC:11854],TSPAN7
ENSG00000102032,ENSG00000102032,NA,RENBP,protein_coding,renin binding protein [Source:HGNC Symbol;Acc:HGNC:9959],RENBP
ENSG00000174010,ENSG00000174010,NA,KLHL15,protein_coding,kelch like family member 15 [Source:HGNC Symbol;Acc:HGNC:29347],KLHL15
ENSG00000187325,ENSG00000187325,NA,TAF9B,protein_coding,TATA-box binding protein associated factor 9b [Source:HGNC Symbol;Acc:HGNC:17306],TAF9B
ENSG00000099715,ENSG00000099715,NA,PCDH11Y,protein_coding,protocadherin 11 Y-linked [Source:HGNC Symbol;Acc:HGNC:15813],PCDH11Y
ENSG00000102290,ENSG00000102290,NA,PCDH11X,protein_coding,protocadherin 11 X-linked [Source:HGNC Symbol;Acc:HGNC:8656],PCDH11X
ENSG00000165194,ENSG00000165194,NA,PCDH19,protein_coding,protocadherin 19 [Source:HGNC Symbol;Acc:HGNC:14270],PCDH19
ENSG00000123575,ENSG00000123575,NA,FAM199X,protein_coding,"family with sequence similarity 199, X-linked [Source:HGNC Symbol;Acc:HGNC:25195]",FAM199X
ENSG00000157514,ENSG00000157514,NA,TSC22D3,protein_coding,TSC22 domain family member 3 [Source:HGNC Symbol;Acc:HGNC:3051],TSC22D3
ENSG00000126012,ENSG00000126012,NA,KDM5C,protein_coding,lysine demethylase 5C [Source:HGNC Symbol;Acc:HGNC:11114],KDM5C
ENSG00000058056,ENSG00000058056,NA,USP13,protein_coding,ubiquitin specific peptidase 13 [Source:HGNC Symbol;Acc:HGNC:12611],USP13
ENSG00000163728,ENSG00000163728,NA,TTC14,protein_coding,tetratricopeptide repeat domain 14 [Source:HGNC Symbol;Acc:HGNC:24697],TTC14
ENSG00000188811,ENSG00000188811,NA,NHLRC3,protein_coding,NHL repeat containing 3 [Source:HGNC Symbol;Acc:HGNC:33751],NHLRC3
ENSG00000174953,ENSG00000174953,NA,DHX36,protein_coding,DEAH-box helicase 36 [Source:HGNC Symbol;Acc:HGNC:14410],DHX36
ENSG00000143575,ENSG00000143575,NA,HAX1,protein_coding,HCLS1 associated protein X-1 [Source:HGNC Symbol;Acc:HGNC:16915],HAX1
ENSG00000143401,ENSG00000143401,NA,ANP32E,protein_coding,acidic nuclear phosphoprotein 32 family member E [Source:HGNC Symbol;Acc:HGNC:16673],ANP32E
ENSG00000124635,ENSG00000124635,NA,HIST1H2BJ,protein_coding,histone cluster 1 H2B family member j [Source:HGNC Symbol;Acc:HGNC:4761],HIST1H2BJ
ENSG00000134184,ENSG00000134184,NA,GSTM1,protein_coding,glutathione S-transferase mu 1 [Source:HGNC Symbol;Acc:HGNC:4632],GSTM1
ENSG00000174151,ENSG00000174151,NA,CYB561D1,protein_coding,cytochrome b561 family member D1 [Source:HGNC Symbol;Acc:HGNC:26804],CYB561D1
ENSG00000122435,ENSG00000122435,NA,TRMT13,protein_coding,tRNA methyltransferase 13 homolog [Source:HGNC Symbol;Acc:HGNC:25502],TRMT13
ENSG00000163110,ENSG00000163110,NA,PDLIM5,protein_coding,PDZ and LIM domain 5 [Source:HGNC Symbol;Acc:HGNC:17468],PDLIM5
ENSG00000254685,ENSG00000254685,NA,FPGT,protein_coding,fucose-1-phosphate guanylyltransferase [Source:HGNC Symbol;Acc:HGNC:3825],FPGT
ENSG00000116729,ENSG00000116729,NA,WLS,protein_coding,wntless Wnt ligand secretion mediator [Source:HGNC Symbol;Acc:HGNC:30238],WLS
ENSG00000169122,ENSG00000169122,NA,FAM110B,protein_coding,family with sequence similarity 110 member B [Source:HGNC Symbol;Acc:HGNC:28587],FAM110B
ENSG00000146276,ENSG00000146276,NA,GABRR1,protein_coding,gamma-aminobutyric acid type A receptor rho1 subunit [Source:HGNC Symbol;Acc:HGNC:4090],GABRR1
ENSG00000120162,ENSG00000120162,NA,MOB3B,protein_coding,MOB kinase activator 3B [Source:HGNC Symbol;Acc:HGNC:23825],MOB3B
ENSG00000137142,ENSG00000137142,NA,IGFBPL1,protein_coding,insulin like growth factor binding protein like 1 [Source:HGNC Symbol;Acc:HGNC:20081],IGFBPL1
ENSG00000136888,ENSG00000136888,NA,ATP6V1G1,protein_coding,ATPase H+ transporting V1 subunit G1 [Source:HGNC Symbol;Acc:HGNC:864],ATP6V1G1
ENSG00000148219,ENSG00000148219,NA,ASTN2,protein_coding,astrotactin 2 [Source:HGNC Symbol;Acc:HGNC:17021],ASTN2
ENSG00000162601,ENSG00000162601,NA,MYSM1,protein_coding,"Myb like, SWIRM and MPN domains 1 [Source:HGNC Symbol;Acc:HGNC:29401]",MYSM1
ENSG00000173406,ENSG00000173406,NA,DAB1,protein_coding,"DAB1, reelin adaptor protein [Source:HGNC Symbol;Acc:HGNC:2661]",DAB1
ENSG00000243725,ENSG00000243725,NA,TTC4,protein_coding,tetratricopeptide repeat domain 4 [Source:HGNC Symbol;Acc:HGNC:12394],TTC4
ENSG00000025800,ENSG00000025800,NA,KPNA6,protein_coding,karyopherin subunit alpha 6 [Source:HGNC Symbol;Acc:HGNC:6399],KPNA6
ENSG00000001461,ENSG00000001461,NA,NIPAL3,protein_coding,NIPA like domain containing 3 [Source:HGNC Symbol;Acc:HGNC:25233],NIPAL3
ENSG00000125944,ENSG00000125944,NA,HNRNPR,protein_coding,heterogeneous nuclear ribonucleoprotein R [Source:HGNC Symbol;Acc:HGNC:5047],HNRNPR
ENSG00000131697,ENSG00000131697,NA,NPHP4,protein_coding,nephrocystin 4 [Source:HGNC Symbol;Acc:HGNC:19104],NPHP4
ENSG00000237330,ENSG00000237330,NA,RNF223,protein_coding,ring finger protein 223 [Source:HGNC Symbol;Acc:HGNC:40020],RNF223
ENSG00000213699,ENSG00000213699,NA,SLC35F6,protein_coding,solute carrier family 35 member F6 [Source:HGNC Symbol;Acc:HGNC:26055],SLC35F6
ENSG00000198522,ENSG00000198522,NA,GPN1,protein_coding,GPN-loop GTPase 1 [Source:HGNC Symbol;Acc:HGNC:17030],GPN1
ENSG00000163956,ENSG00000163956,NA,LRPAP1,protein_coding,LDL receptor related protein associated protein 1 [Source:HGNC Symbol;Acc:HGNC:6701],LRPAP1
ENSG00000154274,ENSG00000154274,NA,C4orf19,protein_coding,chromosome 4 open reading frame 19 [Source:HGNC Symbol;Acc:HGNC:25618],C4orf19
ENSG00000121897,ENSG00000121897,NA,LIAS,protein_coding,lipoic acid synthetase [Source:HGNC Symbol;Acc:HGNC:16429],LIAS
ENSG00000079557,ENSG00000079557,NA,AFM,protein_coding,afamin [Source:HGNC Symbol;Acc:HGNC:316],AFM
ENSG00000178222,ENSG00000178222,NA,RNF212,protein_coding,ring finger protein 212 [Source:HGNC Symbol;Acc:HGNC:27729],RNF212
ENSG00000183495,ENSG00000183495,NA,EP400,protein_coding,E1A binding protein p400 [Source:HGNC Symbol;Acc:HGNC:11958],EP400
ENSG00000089022,ENSG00000089022,NA,MAPKAPK5,protein_coding,mitogen-activated protein kinase-activated protein kinase 5 [Source:HGNC Symbol;Acc:HGNC:6889],MAPKAPK5
ENSG00000198598,ENSG00000198598,NA,MMP17,protein_coding,matrix metallopeptidase 17 [Source:HGNC Symbol;Acc:HGNC:7163],MMP17
ENSG00000166997,ENSG00000166997,NA,CNPY4,protein_coding,canopy FGF signaling regulator 4 [Source:HGNC Symbol;Acc:HGNC:28631],CNPY4
ENSG00000205903,ENSG00000205903,NA,ZNF316,protein_coding,zinc finger protein 316 [Source:HGNC Symbol;Acc:HGNC:13843],ZNF316
ENSG00000004948,ENSG00000004948,NA,CALCR,protein_coding,calcitonin receptor [Source:HGNC Symbol;Acc:HGNC:1440],CALCR
ENSG00000234224,ENSG00000234224,NA,TMEM229A,protein_coding,transmembrane protein 229A [Source:HGNC Symbol;Acc:HGNC:37279],TMEM229A
ENSG00000091732,ENSG00000091732,NA,ZC3HC1,protein_coding,zinc finger C3HC-type containing 1 [Source:HGNC Symbol;Acc:HGNC:29913],ZC3HC1
ENSG00000182158,ENSG00000182158,NA,CREB3L2,protein_coding,cAMP responsive element binding protein 3 like 2 [Source:HGNC Symbol;Acc:HGNC:23720],CREB3L2
ENSG00000050730,ENSG00000050730,NA,TNIP3,protein_coding,TNFAIP3 interacting protein 3 [Source:HGNC Symbol;Acc:HGNC:19315],TNIP3
ENSG00000130038,ENSG00000130038,NA,CRACR2A,protein_coding,calcium release activated channel regulator 2A [Source:HGNC Symbol;Acc:HGNC:28657],CRACR2A
ENSG00000111203,ENSG00000111203,NA,ITFG2,protein_coding,integrin alpha FG-GAP repeat containing 2 [Source:HGNC Symbol;Acc:HGNC:30879],ITFG2
ENSG00000205810,ENSG00000205810,NA,KLRC3,protein_coding,killer cell lectin like receptor C3 [Source:HGNC Symbol;Acc:HGNC:6376],KLRC3
ENSG00000255641,ENSG00000255641,NA,AC068775.1,protein_coding,novel protein,AC068775.1
ENSG00000205809,ENSG00000205809,NA,KLRC2,protein_coding,killer cell lectin like receptor C2 [Source:HGNC Symbol;Acc:HGNC:6375],KLRC2
ENSG00000134545,ENSG00000134545,NA,KLRC1,protein_coding,killer cell lectin like receptor C1 [Source:HGNC Symbol;Acc:HGNC:6374],KLRC1
ENSG00000183542,ENSG00000183542,NA,KLRC4,protein_coding,killer cell lectin like receptor C4 [Source:HGNC Symbol;Acc:HGNC:6377],KLRC4
ENSG00000255819,ENSG00000255819,NA,KLRC4-KLRK1,protein_coding,KLRC4-KLRK1 readthrough [Source:HGNC Symbol;Acc:HGNC:48357],KLRC4-KLRK1
ENSG00000130202,ENSG00000130202,NA,NECTIN2,protein_coding,nectin cell adhesion molecule 2 [Source:HGNC Symbol;Acc:HGNC:9707],NECTIN2
ENSG00000142528,ENSG00000142528,NA,ZNF473,protein_coding,zinc finger protein 473 [Source:HGNC Symbol;Acc:HGNC:23239],ZNF473
ENSG00000275835,ENSG00000275835,NA,TUBGCP5,protein_coding,tubulin gamma complex associated protein 5 [Source:HGNC Symbol;Acc:HGNC:18600],TUBGCP5
ENSG00000140479,ENSG00000140479,NA,PCSK6,protein_coding,proprotein convertase subtilisin/kexin type 6 [Source:HGNC Symbol;Acc:HGNC:8569],PCSK6
ENSG00000157823,ENSG00000157823,NA,AP3S2,protein_coding,adaptor related protein complex 3 subunit sigma 2 [Source:HGNC Symbol;Acc:HGNC:571],AP3S2
ENSG00000182511,ENSG00000182511,NA,FES,protein_coding,"FES proto-oncogene, tyrosine kinase [Source:HGNC Symbol;Acc:HGNC:3657]",FES
ENSG00000137522,ENSG00000137522,NA,RNF121,protein_coding,ring finger protein 121 [Source:HGNC Symbol;Acc:HGNC:21070],RNF121
ENSG00000279270,ENSG00000279270,NA,OR52R1,protein_coding,olfactory receptor family 52 subfamily R member 1 (gene/pseudogene) [Source:HGNC Symbol;Acc:HGNC:15235],OR52R1
ENSG00000157106,ENSG00000157106,NA,SMG1,protein_coding,"SMG1, nonsense mediated mRNA decay associated PI3K related kinase [Source:HGNC Symbol;Acc:HGNC:30045]",SMG1
ENSG00000155719,ENSG00000155719,NA,OTOA,protein_coding,otoancorin [Source:HGNC Symbol;Acc:HGNC:16378],OTOA
ENSG00000155592,ENSG00000155592,NA,ZKSCAN2,protein_coding,zinc finger with KRAB and SCAN domains 2 [Source:HGNC Symbol;Acc:HGNC:25677],ZKSCAN2
ENSG00000077235,ENSG00000077235,NA,GTF3C1,protein_coding,general transcription factor IIIC subunit 1 [Source:HGNC Symbol;Acc:HGNC:4664],GTF3C1
ENSG00000102870,ENSG00000102870,NA,ZNF629,protein_coding,zinc finger protein 629 [Source:HGNC Symbol;Acc:HGNC:29008],ZNF629
ENSG00000167394,ENSG00000167394,NA,ZNF668,protein_coding,zinc finger protein 668 [Source:HGNC Symbol;Acc:HGNC:25821],ZNF668
ENSG00000171798,ENSG00000171798,NA,KNDC1,protein_coding,kinase non-catalytic C-lobe domain containing 1 [Source:HGNC Symbol;Acc:HGNC:29374],KNDC1
ENSG00000120889,ENSG00000120889,NA,TNFRSF10B,protein_coding,TNF receptor superfamily member 10b [Source:HGNC Symbol;Acc:HGNC:11905],TNFRSF10B
ENSG00000173530,ENSG00000173530,NA,TNFRSF10D,protein_coding,TNF receptor superfamily member 10d [Source:HGNC Symbol;Acc:HGNC:11907],TNFRSF10D
ENSG00000173535,ENSG00000173535,NA,TNFRSF10C,protein_coding,TNF receptor superfamily member 10c [Source:HGNC Symbol;Acc:HGNC:11906],TNFRSF10C
ENSG00000178199,ENSG00000178199,NA,ZC3H12D,protein_coding,zinc finger CCCH-type containing 12D [Source:HGNC Symbol;Acc:HGNC:21175],ZC3H12D
ENSG00000112425,ENSG00000112425,NA,EPM2A,protein_coding,"EPM2A, laforin glucan phosphatase [Source:HGNC Symbol;Acc:HGNC:3413]",EPM2A
ENSG00000197594,ENSG00000197594,NA,ENPP1,protein_coding,ectonucleotide pyrophosphatase/phosphodiesterase 1 [Source:HGNC Symbol;Acc:HGNC:3356],ENPP1
ENSG00000178033,ENSG00000178033,NA,CALHM5,protein_coding,calcium homeostasis modulator family member 5 [Source:HGNC Symbol;Acc:HGNC:21568],CALHM5
ENSG00000112335,ENSG00000112335,NA,SNX3,protein_coding,sorting nexin 3 [Source:HGNC Symbol;Acc:HGNC:11174],SNX3
ENSG00000148719,ENSG00000148719,NA,DNAJB12,protein_coding,DnaJ heat shock protein family (Hsp40) member B12 [Source:HGNC Symbol;Acc:HGNC:14891],DNAJB12
ENSG00000139354,ENSG00000139354,NA,GAS2L3,protein_coding,growth arrest specific 2 like 3 [Source:HGNC Symbol;Acc:HGNC:27475],GAS2L3
ENSG00000111615,ENSG00000111615,NA,KRR1,protein_coding,"KRR1, small subunit processome component homolog [Source:HGNC Symbol;Acc:HGNC:5176]",KRR1
ENSG00000179615,ENSG00000179615,NA,OR2AP1,protein_coding,olfactory receptor family 2 subfamily AP member 1 [Source:HGNC Symbol;Acc:HGNC:15335],OR2AP1
ENSG00000129691,ENSG00000129691,NA,ASH2L,protein_coding,"ASH2 like, histone lysine methyltransferase complex subunit [Source:HGNC Symbol;Acc:HGNC:744]",ASH2L
ENSG00000147432,ENSG00000147432,NA,CHRNB3,protein_coding,cholinergic receptor nicotinic beta 3 subunit [Source:HGNC Symbol;Acc:HGNC:1963],CHRNB3
ENSG00000105662,ENSG00000105662,NA,CRTC1,protein_coding,CREB regulated transcription coactivator 1 [Source:HGNC Symbol;Acc:HGNC:16062],CRTC1
ENSG00000120519,ENSG00000120519,NA,SLC10A7,protein_coding,solute carrier family 10 member 7 [Source:HGNC Symbol;Acc:HGNC:23088],SLC10A7
ENSG00000155330,ENSG00000155330,NA,C16orf87,protein_coding,chromosome 16 open reading frame 87 [Source:HGNC Symbol;Acc:HGNC:33754],C16orf87
ENSG00000087253,ENSG00000087253,NA,LPCAT2,protein_coding,lysophosphatidylcholine acyltransferase 2 [Source:HGNC Symbol;Acc:HGNC:26032],LPCAT2
ENSG00000040199,ENSG00000040199,NA,PHLPP2,protein_coding,PH domain and leucine rich repeat protein phosphatase 2 [Source:HGNC Symbol;Acc:HGNC:29149],PHLPP2
ENSG00000258102,ENSG00000258102,NA,MAP1LC3B2,protein_coding,microtubule associated protein 1 light chain 3 beta 2 [Source:HGNC Symbol;Acc:HGNC:34390],MAP1LC3B2
ENSG00000140941,ENSG00000140941,NA,MAP1LC3B,protein_coding,microtubule associated protein 1 light chain 3 beta [Source:HGNC Symbol;Acc:HGNC:13352],MAP1LC3B
ENSG00000158717,ENSG00000158717,NA,RNF166,protein_coding,ring finger protein 166 [Source:HGNC Symbol;Acc:HGNC:28856],RNF166
ENSG00000156671,ENSG00000156671,NA,SAMD8,protein_coding,sterile alpha motif domain containing 8 [Source:HGNC Symbol;Acc:HGNC:26320],SAMD8
ENSG00000165633,ENSG00000165633,NA,VSTM4,protein_coding,V-set and transmembrane domain containing 4 [Source:HGNC Symbol;Acc:HGNC:26470],VSTM4
ENSG00000136144,ENSG00000136144,NA,RCBTB1,protein_coding,RCC1 and BTB domain containing protein 1 [Source:HGNC Symbol;Acc:HGNC:18243],RCBTB1
ENSG00000088387,ENSG00000088387,NA,DOCK9,protein_coding,dedicator of cytokinesis 9 [Source:HGNC Symbol;Acc:HGNC:14132],DOCK9
ENSG00000087053,ENSG00000087053,NA,MTMR2,protein_coding,myotubularin related protein 2 [Source:HGNC Symbol;Acc:HGNC:7450],MTMR2
ENSG00000214212,ENSG00000214212,NA,C19orf38,protein_coding,chromosome 19 open reading frame 38 [Source:HGNC Symbol;Acc:HGNC:34073],C19orf38
ENSG00000120457,ENSG00000120457,NA,KCNJ5,protein_coding,potassium voltage-gated channel subfamily J member 5 [Source:HGNC Symbol;Acc:HGNC:6266],KCNJ5
ENSG00000110013,ENSG00000110013,NA,SIAE,protein_coding,sialic acid acetylesterase [Source:HGNC Symbol;Acc:HGNC:18187],SIAE
ENSG00000109927,ENSG00000109927,NA,TECTA,protein_coding,tectorin alpha [Source:HGNC Symbol;Acc:HGNC:11720],TECTA
ENSG00000181264,ENSG00000181264,NA,TMEM136,protein_coding,transmembrane protein 136 [Source:HGNC Symbol;Acc:HGNC:28280],TMEM136
ENSG00000160584,ENSG00000160584,NA,SIK3,protein_coding,SIK family kinase 3 [Source:HGNC Symbol;Acc:HGNC:29165],SIK3
ENSG00000138615,ENSG00000138615,NA,CILP,protein_coding,cartilage intermediate layer protein [Source:HGNC Symbol;Acc:HGNC:1980],CILP
ENSG00000137871,ENSG00000137871,NA,ZNF280D,protein_coding,zinc finger protein 280D [Source:HGNC Symbol;Acc:HGNC:25953],ZNF280D
ENSG00000285253,ENSG00000285253,NA,AC090517.4,protein_coding,zinc finger protein 280D [Source:NCBI gene;Acc:54816],AC090517.4
ENSG00000151575,ENSG00000151575,NA,TEX9,protein_coding,testis expressed 9 [Source:HGNC Symbol;Acc:HGNC:29585],TEX9
ENSG00000196586,ENSG00000196586,NA,MYO6,protein_coding,myosin VI [Source:HGNC Symbol;Acc:HGNC:7605],MYO6
ENSG00000214706,ENSG00000214706,NA,IFRD2,protein_coding,interferon related developmental regulator 2 [Source:HGNC Symbol;Acc:HGNC:5457],IFRD2
ENSG00000185909,ENSG00000185909,NA,KLHDC8B,protein_coding,kelch domain containing 8B [Source:HGNC Symbol;Acc:HGNC:28557],KLHDC8B
ENSG00000008300,ENSG00000008300,NA,CELSR3,protein_coding,cadherin EGF LAG seven-pass G-type receptor 3 [Source:HGNC Symbol;Acc:HGNC:3230],CELSR3
ENSG00000173705,ENSG00000173705,NA,SUSD5,protein_coding,sushi domain containing 5 [Source:HGNC Symbol;Acc:HGNC:29061],SUSD5
ENSG00000179152,ENSG00000179152,NA,TCAIM,protein_coding,"T cell activation inhibitor, mitochondrial [Source:HGNC Symbol;Acc:HGNC:25241]",TCAIM
ENSG00000138069,ENSG00000138069,NA,RAB1A,protein_coding,"RAB1A, member RAS oncogene family [Source:HGNC Symbol;Acc:HGNC:9758]",RAB1A
ENSG00000050767,ENSG00000050767,NA,COL23A1,protein_coding,collagen type XXIII alpha 1 chain [Source:HGNC Symbol;Acc:HGNC:22990],COL23A1
ENSG00000161921,ENSG00000161921,NA,CXCL16,protein_coding,C-X-C motif chemokine ligand 16 [Source:HGNC Symbol;Acc:HGNC:16642],CXCL16
ENSG00000108509,ENSG00000108509,NA,CAMTA2,protein_coding,calmodulin binding transcription activator 2 [Source:HGNC Symbol;Acc:HGNC:18807],CAMTA2
ENSG00000132359,ENSG00000132359,NA,RAP1GAP2,protein_coding,RAP1 GTPase activating protein 2 [Source:HGNC Symbol;Acc:HGNC:29176],RAP1GAP2
ENSG00000185924,ENSG00000185924,NA,RTN4RL1,protein_coding,reticulon 4 receptor like 1 [Source:HGNC Symbol;Acc:HGNC:21329],RTN4RL1
ENSG00000167525,ENSG00000167525,NA,PROCA1,protein_coding,protein interacting with cyclin A1 [Source:HGNC Symbol;Acc:HGNC:28600],PROCA1
ENSG00000249861,ENSG00000249861,NA,LGALS16,protein_coding,galectin 16 [Source:HGNC Symbol;Acc:HGNC:40039],LGALS16
ENSG00000105198,ENSG00000105198,NA,LGALS13,protein_coding,galectin 13 [Source:HGNC Symbol;Acc:HGNC:15449],LGALS13
ENSG00000006659,ENSG00000006659,NA,LGALS14,protein_coding,galectin 14 [Source:HGNC Symbol;Acc:HGNC:30054],LGALS14
ENSG00000131747,ENSG00000131747,NA,TOP2A,protein_coding,DNA topoisomerase II alpha [Source:HGNC Symbol;Acc:HGNC:11989],TOP2A
ENSG00000173812,ENSG00000173812,NA,EIF1,protein_coding,eukaryotic translation initiation factor 1 [Source:HGNC Symbol;Acc:HGNC:3249],EIF1
ENSG00000141756,ENSG00000141756,NA,FKBP10,protein_coding,FK506 binding protein 10 [Source:HGNC Symbol;Acc:HGNC:18169],FKBP10
ENSG00000073969,ENSG00000073969,NA,NSF,protein_coding,"N-ethylmaleimide sensitive factor, vesicle fusing ATPase [Source:HGNC Symbol;Acc:HGNC:8016]",NSF
ENSG00000154229,ENSG00000154229,NA,PRKCA,protein_coding,protein kinase C alpha [Source:HGNC Symbol;Acc:HGNC:9393],PRKCA
ENSG00000182040,ENSG00000182040,NA,USH1G,protein_coding,USH1 protein network component sans [Source:HGNC Symbol;Acc:HGNC:16356],USH1G
ENSG00000169738,ENSG00000169738,NA,DCXR,protein_coding,dicarbonyl and L-xylulose reductase [Source:HGNC Symbol;Acc:HGNC:18985],DCXR
ENSG00000015171,ENSG00000015171,NA,ZMYND11,protein_coding,zinc finger MYND-type containing 11 [Source:HGNC Symbol;Acc:HGNC:16966],ZMYND11
ENSG00000112739,ENSG00000112739,NA,PRPF4B,protein_coding,pre-mRNA processing factor 4B [Source:HGNC Symbol;Acc:HGNC:17346],PRPF4B
ENSG00000188428,ENSG00000188428,NA,BLOC1S5,protein_coding,biogenesis of lysosomal organelles complex 1 subunit 5 [Source:HGNC Symbol;Acc:HGNC:18561],BLOC1S5
ENSG00000259040,ENSG00000259040,NA,BLOC1S5-TXNDC5,protein_coding,BLOC1S5-TXNDC5 readthrough (NMD candidate) [Source:HGNC Symbol;Acc:HGNC:42001],BLOC1S5-TXNDC5
ENSG00000165025,ENSG00000165025,NA,SYK,protein_coding,spleen associated tyrosine kinase [Source:HGNC Symbol;Acc:HGNC:11491],SYK
ENSG00000184845,ENSG00000184845,NA,DRD1,protein_coding,dopamine receptor D1 [Source:HGNC Symbol;Acc:HGNC:3020],DRD1
ENSG00000146021,ENSG00000146021,NA,KLHL3,protein_coding,kelch like family member 3 [Source:HGNC Symbol;Acc:HGNC:6354],KLHL3
ENSG00000165115,ENSG00000165115,NA,KIF27,protein_coding,kinesin family member 27 [Source:HGNC Symbol;Acc:HGNC:18632],KIF27
ENSG00000148120,ENSG00000148120,NA,C9orf3,protein_coding,chromosome 9 open reading frame 3 [Source:HGNC Symbol;Acc:HGNC:1361],C9orf3
ENSG00000145734,ENSG00000145734,NA,BDP1,protein_coding,"B double prime 1, subunit of RNA polymerase III transcription initiation factor IIIB [Source:HGNC Symbol;Acc:HGNC:13652]",BDP1
ENSG00000213949,ENSG00000213949,NA,ITGA1,protein_coding,integrin subunit alpha 1 [Source:HGNC Symbol;Acc:HGNC:6134],ITGA1
ENSG00000162975,ENSG00000162975,NA,KCNF1,protein_coding,potassium voltage-gated channel modifier subfamily F member 1 [Source:HGNC Symbol;Acc:HGNC:6246],KCNF1
ENSG00000136261,ENSG00000136261,NA,BZW2,protein_coding,basic leucine zipper and W2 domains 2 [Source:HGNC Symbol;Acc:HGNC:18808],BZW2
ENSG00000179454,ENSG00000179454,NA,KLHL28,protein_coding,kelch like family member 28 [Source:HGNC Symbol;Acc:HGNC:19741],KLHL28
ENSG00000087299,ENSG00000087299,NA,L2HGDH,protein_coding,L-2-hydroxyglutarate dehydrogenase [Source:HGNC Symbol;Acc:HGNC:20499],L2HGDH
ENSG00000131966,ENSG00000131966,NA,ACTR10,protein_coding,actin related protein 10 homolog [Source:HGNC Symbol;Acc:HGNC:17372],ACTR10
ENSG00000070182,ENSG00000070182,NA,SPTB,protein_coding,"spectrin beta, erythrocytic [Source:HGNC Symbol;Acc:HGNC:11274]",SPTB
ENSG00000140057,ENSG00000140057,NA,AK7,protein_coding,adenylate kinase 7 [Source:HGNC Symbol;Acc:HGNC:20091],AK7
ENSG00000168350,ENSG00000168350,NA,DEGS2,protein_coding,"delta 4-desaturase, sphingolipid 2 [Source:HGNC Symbol;Acc:HGNC:20113]",DEGS2
ENSG00000078304,ENSG00000078304,NA,PPP2R5C,protein_coding,protein phosphatase 2 regulatory subunit B'gamma [Source:HGNC Symbol;Acc:HGNC:9311],PPP2R5C
ENSG00000185347,ENSG00000185347,NA,TEDC1,protein_coding,tubulin epsilon and delta complex 1 [Source:HGNC Symbol;Acc:HGNC:20127],TEDC1
ENSG00000126870,ENSG00000126870,NA,WDR60,protein_coding,WD repeat domain 60 [Source:HGNC Symbol;Acc:HGNC:21862],WDR60
ENSG00000113456,ENSG00000113456,NA,RAD1,protein_coding,RAD1 checkpoint DNA exonuclease [Source:HGNC Symbol;Acc:HGNC:9806],RAD1
ENSG00000164830,ENSG00000164830,NA,OXR1,protein_coding,oxidation resistance 1 [Source:HGNC Symbol;Acc:HGNC:15822],OXR1
ENSG00000129292,ENSG00000129292,NA,PHF20L1,protein_coding,PHD finger protein 20 like 1 [Source:HGNC Symbol;Acc:HGNC:24280],PHF20L1
ENSG00000187954,ENSG00000187954,NA,CYHR1,protein_coding,cysteine and histidine rich 1 [Source:HGNC Symbol;Acc:HGNC:17806],CYHR1
ENSG00000100083,ENSG00000100083,NA,GGA1,protein_coding,"golgi associated, gamma adaptin ear containing, ARF binding protein 1 [Source:HGNC Symbol;Acc:HGNC:17842]",GGA1
ENSG00000128285,ENSG00000128285,NA,MCHR1,protein_coding,melanin concentrating hormone receptor 1 [Source:HGNC Symbol;Acc:HGNC:4479],MCHR1
ENSG00000186654,ENSG00000186654,NA,PRR5,protein_coding,proline rich 5 [Source:HGNC Symbol;Acc:HGNC:31682],PRR5
ENSG00000185432,ENSG00000185432,NA,METTL7A,protein_coding,methyltransferase like 7A [Source:HGNC Symbol;Acc:HGNC:24550],METTL7A
ENSG00000140694,ENSG00000140694,NA,PARN,protein_coding,poly(A)-specific ribonuclease [Source:HGNC Symbol;Acc:HGNC:8609],PARN
ENSG00000072864,ENSG00000072864,NA,NDE1,protein_coding,nudE neurodevelopment protein 1 [Source:HGNC Symbol;Acc:HGNC:17619],NDE1
ENSG00000103222,ENSG00000103222,NA,ABCC1,protein_coding,ATP binding cassette subfamily C member 1 [Source:HGNC Symbol;Acc:HGNC:51],ABCC1
ENSG00000180834,ENSG00000180834,NA,MAP6D1,protein_coding,MAP6 domain containing 1 [Source:HGNC Symbol;Acc:HGNC:25753],MAP6D1
ENSG00000114491,ENSG00000114491,NA,UMPS,protein_coding,uridine monophosphate synthetase [Source:HGNC Symbol;Acc:HGNC:12563],UMPS
ENSG00000138495,ENSG00000138495,NA,COX17,protein_coding,cytochrome c oxidase copper chaperone COX17 [Source:HGNC Symbol;Acc:HGNC:2264],COX17
ENSG00000181722,ENSG00000181722,NA,ZBTB20,protein_coding,zinc finger and BTB domain containing 20 [Source:HGNC Symbol;Acc:HGNC:13503],ZBTB20
ENSG00000159216,ENSG00000159216,NA,RUNX1,protein_coding,runt related transcription factor 1 [Source:HGNC Symbol;Acc:HGNC:10471],RUNX1
ENSG00000182240,ENSG00000182240,NA,BACE2,protein_coding,beta-secretase 2 [Source:HGNC Symbol;Acc:HGNC:934],BACE2
ENSG00000130024,ENSG00000130024,NA,PHF10,protein_coding,PHD finger protein 10 [Source:HGNC Symbol;Acc:HGNC:18250],PHF10
ENSG00000103326,ENSG00000103326,NA,CAPN15,protein_coding,calpain 15 [Source:HGNC Symbol;Acc:HGNC:11182],CAPN15
ENSG00000198937,ENSG00000198937,NA,CCDC167,protein_coding,coiled-coil domain containing 167 [Source:HGNC Symbol;Acc:HGNC:21239],CCDC167
ENSG00000276076,ENSG00000276076,NA,CRYAA2,protein_coding,crystallin alpha A2 [Source:HGNC Symbol;Acc:HGNC:51901],CRYAA2
ENSG00000160202,ENSG00000160202,NA,CRYAA,protein_coding,crystallin alpha A [Source:HGNC Symbol;Acc:HGNC:2388],CRYAA
ENSG00000167772,ENSG00000167772,NA,ANGPTL4,protein_coding,angiopoietin like 4 [Source:HGNC Symbol;Acc:HGNC:16039],ANGPTL4
ENSG00000069122,ENSG00000069122,NA,ADGRF5,protein_coding,adhesion G protein-coupled receptor F5 [Source:HGNC Symbol;Acc:HGNC:19030],ADGRF5
ENSG00000001561,ENSG00000001561,NA,ENPP4,protein_coding,ectonucleotide pyrophosphatase/phosphodiesterase 4 [Source:HGNC Symbol;Acc:HGNC:3359],ENPP4
ENSG00000146215,ENSG00000146215,NA,CRIP3,protein_coding,cysteine rich protein 3 [Source:HGNC Symbol;Acc:HGNC:17751],CRIP3
ENSG00000124593,ENSG00000124593,NA,AL365205.1,protein_coding,novel transcript,AL365205.1
ENSG00000278224,ENSG00000278224,NA,PRICKLE4,protein_coding,prickle planar cell polarity protein 4 [Source:HGNC Symbol;Acc:HGNC:16805],PRICKLE4
ENSG00000124731,ENSG00000124731,NA,TREM1,protein_coding,triggering receptor expressed on myeloid cells 1 [Source:HGNC Symbol;Acc:HGNC:17760],TREM1
ENSG00000172466,ENSG00000172466,NA,ZNF24,protein_coding,zinc finger protein 24 [Source:HGNC Symbol;Acc:HGNC:13032],ZNF24
ENSG00000066583,ENSG00000066583,NA,ISOC1,protein_coding,isochorismatase domain containing 1 [Source:HGNC Symbol;Acc:HGNC:24254],ISOC1
ENSG00000145868,ENSG00000145868,NA,FBXO38,protein_coding,F-box protein 38 [Source:HGNC Symbol;Acc:HGNC:28844],FBXO38
ENSG00000134030,ENSG00000134030,NA,CTIF,protein_coding,cap binding complex dependent translation initiation factor [Source:HGNC Symbol;Acc:HGNC:23925],CTIF
ENSG00000162337,ENSG00000162337,NA,LRP5,protein_coding,LDL receptor related protein 5 [Source:HGNC Symbol;Acc:HGNC:6697],LRP5
ENSG00000239306,ENSG00000239306,NA,RBM14,protein_coding,RNA binding motif protein 14 [Source:HGNC Symbol;Acc:HGNC:14219],RBM14
ENSG00000068971,ENSG00000068971,NA,PPP2R5B,protein_coding,protein phosphatase 2 regulatory subunit B'beta [Source:HGNC Symbol;Acc:HGNC:9310],PPP2R5B
ENSG00000198963,ENSG00000198963,NA,RORB,protein_coding,RAR related orphan receptor B [Source:HGNC Symbol;Acc:HGNC:10259],RORB
ENSG00000165868,ENSG00000165868,NA,HSPA12A,protein_coding,heat shock protein family A (Hsp70) member 12A [Source:HGNC Symbol;Acc:HGNC:19022],HSPA12A
ENSG00000135272,NA,ENSG00000135272,MDFIC,protein_coding,MyoD family inhibitor domain containing [Source:HGNC Symbol;Acc:HGNC:28870],MDFIC
ENSG00000128512,NA,ENSG00000128512,DOCK4,protein_coding,dedicator of cytokinesis 4 [Source:HGNC Symbol;Acc:HGNC:19192],DOCK4
ENSG00000132872,NA,ENSG00000132872,SYT4,protein_coding,synaptotagmin 4 [Source:HGNC Symbol;Acc:HGNC:11512],SYT4
ENSG00000092068,NA,ENSG00000092068,SLC7A8,protein_coding,solute carrier family 7 member 8 [Source:HGNC Symbol;Acc:HGNC:11066],SLC7A8
ENSG00000107185,NA,ENSG00000107185,RGP1,protein_coding,"RGP1 homolog, RAB6A GEF complex partner 1 [Source:HGNC Symbol;Acc:HGNC:21965]",RGP1
ENSG00000166405,NA,ENSG00000166405,RIC3,protein_coding,RIC3 acetylcholine receptor chaperone [Source:HGNC Symbol;Acc:HGNC:30338],RIC3
ENSG00000124370,NA,ENSG00000124370,MCEE,protein_coding,methylmalonyl-CoA epimerase [Source:HGNC Symbol;Acc:HGNC:16732],MCEE
ENSG00000245848,NA,ENSG00000245848,CEBPA,protein_coding,CCAAT enhancer binding protein alpha [Source:HGNC Symbol;Acc:HGNC:1833],CEBPA
ENSG00000110092,NA,ENSG00000110092,CCND1,protein_coding,cyclin D1 [Source:HGNC Symbol;Acc:HGNC:1582],CCND1
ENSG00000175893,NA,ENSG00000175893,ZDHHC21,protein_coding,zinc finger DHHC-type containing 21 [Source:HGNC Symbol;Acc:HGNC:20750],ZDHHC21
ENSG00000135090,NA,ENSG00000135090,TAOK3,protein_coding,TAO kinase 3 [Source:HGNC Symbol;Acc:HGNC:18133],TAOK3
ENSG00000198853,NA,ENSG00000198853,RUSC2,protein_coding,RUN and SH3 domain containing 2 [Source:HGNC Symbol;Acc:HGNC:23625],RUSC2
ENSG00000004660,NA,ENSG00000004660,CAMKK1,protein_coding,calcium/calmodulin dependent protein kinase kinase 1 [Source:HGNC Symbol;Acc:HGNC:1469],CAMKK1
ENSG00000106290,NA,ENSG00000106290,TAF6,protein_coding,TATA-box binding protein associated factor 6 [Source:HGNC Symbol;Acc:HGNC:11540],TAF6
ENSG00000006704,NA,ENSG00000006704,GTF2IRD1,protein_coding,GTF2I repeat domain containing 1 [Source:HGNC Symbol;Acc:HGNC:4661],GTF2IRD1
ENSG00000146834,NA,ENSG00000146834,MEPCE,protein_coding,methylphosphate capping enzyme [Source:HGNC Symbol;Acc:HGNC:20247],MEPCE
ENSG00000108854,NA,ENSG00000108854,SMURF2,protein_coding,SMAD specific E3 ubiquitin protein ligase 2 [Source:HGNC Symbol;Acc:HGNC:16809],SMURF2
ENSG00000059145,NA,ENSG00000059145,UNKL,protein_coding,unkempt family like zinc finger [Source:HGNC Symbol;Acc:HGNC:14184],UNKL
ENSG00000126091,NA,ENSG00000126091,ST3GAL3,protein_coding,"ST3 beta-galactoside alpha-2,3-sialyltransferase 3 [Source:HGNC Symbol;Acc:HGNC:10866]",ST3GAL3
ENSG00000144659,NA,ENSG00000144659,SLC25A38,protein_coding,solute carrier family 25 member 38 [Source:HGNC Symbol;Acc:HGNC:26054],SLC25A38
ENSG00000065320,NA,ENSG00000065320,NTN1,protein_coding,netrin 1 [Source:HGNC Symbol;Acc:HGNC:8029],NTN1
ENSG00000163975,NA,ENSG00000163975,MELTF,protein_coding,melanotransferrin [Source:HGNC Symbol;Acc:HGNC:7037],MELTF
ENSG00000096060,NA,ENSG00000096060,FKBP5,protein_coding,FK506 binding protein 5 [Source:HGNC Symbol;Acc:HGNC:3721],FKBP5
ENSG00000164081,NA,ENSG00000164081,TEX264,protein_coding,testis expressed 264 [Source:HGNC Symbol;Acc:HGNC:30247],TEX264
ENSG00000117395,NA,ENSG00000117395,EBNA1BP2,protein_coding,EBNA1 binding protein 2 [Source:HGNC Symbol;Acc:HGNC:15531],EBNA1BP2
ENSG00000116147,NA,ENSG00000116147,TNR,protein_coding,tenascin R [Source:HGNC Symbol;Acc:HGNC:11953],TNR
ENSG00000171223,NA,ENSG00000171223,JUNB,protein_coding,"JunB proto-oncogene, AP-1 transcription factor subunit [Source:HGNC Symbol;Acc:HGNC:6205]",JUNB
ENSG00000143952,NA,ENSG00000143952,VPS54,protein_coding,"VPS54, GARP complex subunit [Source:HGNC Symbol;Acc:HGNC:18652]",VPS54
ENSG00000157827,NA,ENSG00000157827,FMNL2,protein_coding,formin like 2 [Source:HGNC Symbol;Acc:HGNC:18267],FMNL2
ENSG00000114098,NA,ENSG00000114098,ARMC8,protein_coding,armadillo repeat containing 8 [Source:HGNC Symbol;Acc:HGNC:24999],ARMC8
ENSG00000115461,NA,ENSG00000115461,IGFBP5,protein_coding,insulin like growth factor binding protein 5 [Source:HGNC Symbol;Acc:HGNC:5474],IGFBP5
ENSG00000198648,NA,ENSG00000198648,STK39,protein_coding,serine/threonine kinase 39 [Source:HGNC Symbol;Acc:HGNC:17717],STK39
ENSG00000089693,NA,ENSG00000089693,MLF2,protein_coding,myeloid leukemia factor 2 [Source:HGNC Symbol;Acc:HGNC:7126],MLF2
ENSG00000170889,NA,ENSG00000170889,RPS9,protein_coding,ribosomal protein S9 [Source:HGNC Symbol;Acc:HGNC:10442],RPS9
ENSG00000204160,NA,ENSG00000204160,ZDHHC18,protein_coding,zinc finger DHHC-type containing 18 [Source:HGNC Symbol;Acc:HGNC:20712],ZDHHC18
ENSG00000174738,NA,ENSG00000174738,NR1D2,protein_coding,nuclear receptor subfamily 1 group D member 2 [Source:HGNC Symbol;Acc:HGNC:7963],NR1D2
ENSG00000198752,NA,ENSG00000198752,CDC42BPB,protein_coding,CDC42 binding protein kinase beta [Source:HGNC Symbol;Acc:HGNC:1738],CDC42BPB
ENSG00000197119,NA,ENSG00000197119,SLC25A29,protein_coding,solute carrier family 25 member 29 [Source:HGNC Symbol;Acc:HGNC:20116],SLC25A29
ENSG00000102003,NA,ENSG00000102003,SYP,protein_coding,synaptophysin [Source:HGNC Symbol;Acc:HGNC:11506],SYP
ENSG00000126759,NA,ENSG00000126759,CFP,protein_coding,complement factor properdin [Source:HGNC Symbol;Acc:HGNC:8864],CFP
ENSG00000118655,NA,ENSG00000118655,DCLRE1B,protein_coding,DNA cross-link repair 1B [Source:HGNC Symbol;Acc:HGNC:17641],DCLRE1B
ENSG00000227057,NA,ENSG00000227057,WDR46,protein_coding,WD repeat domain 46 [Source:HGNC Symbol;Acc:HGNC:13923],WDR46
ENSG00000183023,NA,ENSG00000183023,SLC8A1,protein_coding,solute carrier family 8 member A1 [Source:HGNC Symbol;Acc:HGNC:11068],SLC8A1
ENSG00000206113,NA,ENSG00000206113,CFAP99,protein_coding,cilia and flagella associated protein 99 [Source:HGNC Symbol;Acc:HGNC:51180],CFAP99
ENSG00000171094,NA,ENSG00000171094,ALK,protein_coding,ALK receptor tyrosine kinase [Source:HGNC Symbol;Acc:HGNC:427],ALK
ENSG00000172007,NA,ENSG00000172007,RAB33B,protein_coding,"RAB33B, member RAS oncogene family [Source:HGNC Symbol;Acc:HGNC:16075]",RAB33B
ENSG00000068078,NA,ENSG00000068078,FGFR3,protein_coding,fibroblast growth factor receptor 3 [Source:HGNC Symbol;Acc:HGNC:3690],FGFR3
ENSG00000088888,NA,ENSG00000088888,MAVS,protein_coding,mitochondrial antiviral signaling protein [Source:HGNC Symbol;Acc:HGNC:29233],MAVS
ENSG00000165929,NA,ENSG00000165929,TC2N,protein_coding,"tandem C2 domains, nuclear [Source:HGNC Symbol;Acc:HGNC:19859]",TC2N
ENSG00000172086,NA,ENSG00000172086,KRCC1,protein_coding,lysine rich coiled-coil 1 [Source:HGNC Symbol;Acc:HGNC:28039],KRCC1
ENSG00000100393,NA,ENSG00000100393,EP300,protein_coding,E1A binding protein p300 [Source:HGNC Symbol;Acc:HGNC:3373],EP300
ENSG00000172346,NA,ENSG00000172346,CSDC2,protein_coding,cold shock domain containing C2 [Source:HGNC Symbol;Acc:HGNC:30359],CSDC2
ENSG00000178217,NA,ENSG00000178217,SH2D4B,protein_coding,SH2 domain containing 4B [Source:HGNC Symbol;Acc:HGNC:31440],SH2D4B
ENSG00000213190,NA,ENSG00000213190,MLLT11,protein_coding,"MLLT11, transcription factor 7 cofactor [Source:HGNC Symbol;Acc:HGNC:16997]",MLLT11
ENSG00000116350,NA,ENSG00000116350,SRSF4,protein_coding,serine and arginine rich splicing factor 4 [Source:HGNC Symbol;Acc:HGNC:10786],SRSF4
ENSG00000147421,NA,ENSG00000147421,HMBOX1,protein_coding,homeobox containing 1 [Source:HGNC Symbol;Acc:HGNC:26137],HMBOX1
ENSG00000196542,NA,ENSG00000196542,SPTSSB,protein_coding,serine palmitoyltransferase small subunit B [Source:HGNC Symbol;Acc:HGNC:24045],SPTSSB
ENSG00000071553,NA,ENSG00000071553,ATP6AP1,protein_coding,ATPase H+ transporting accessory protein 1 [Source:HGNC Symbol;Acc:HGNC:868],ATP6AP1
ENSG00000262919,NA,ENSG00000262919,CCNQ,protein_coding,cyclin Q [Source:HGNC Symbol;Acc:HGNC:28434],CCNQ
ENSG00000052723,NA,ENSG00000052723,SIKE1,protein_coding,suppressor of IKBKE 1 [Source:HGNC Symbol;Acc:HGNC:26119],SIKE1
ENSG00000107295,NA,ENSG00000107295,SH3GL2,protein_coding,"SH3 domain containing GRB2 like 2, endophilin A1 [Source:HGNC Symbol;Acc:HGNC:10831]",SH3GL2
ENSG00000164985,NA,ENSG00000164985,PSIP1,protein_coding,PC4 and SFRS1 interacting protein 1 [Source:HGNC Symbol;Acc:HGNC:9527],PSIP1
ENSG00000164403,NA,ENSG00000164403,SHROOM1,protein_coding,shroom family member 1 [Source:HGNC Symbol;Acc:HGNC:24084],SHROOM1
ENSG00000172780,NA,ENSG00000172780,RAB43,protein_coding,"RAB43, member RAS oncogene family [Source:HGNC Symbol;Acc:HGNC:19983]",RAB43
ENSG00000124207,NA,ENSG00000124207,CSE1L,protein_coding,chromosome segregation 1 like [Source:HGNC Symbol;Acc:HGNC:2431],CSE1L
ENSG00000073734,NA,ENSG00000073734,ABCB11,protein_coding,ATP binding cassette subfamily B member 11 [Source:HGNC Symbol;Acc:HGNC:42],ABCB11
ENSG00000163637,NA,ENSG00000163637,PRICKLE2,protein_coding,prickle planar cell polarity protein 2 [Source:HGNC Symbol;Acc:HGNC:20340],PRICKLE2
ENSG00000118454,NA,ENSG00000118454,ANKRD13C,protein_coding,ankyrin repeat domain 13C [Source:HGNC Symbol;Acc:HGNC:25374],ANKRD13C
ENSG00000146039,NA,ENSG00000146039,SLC17A4,protein_coding,solute carrier family 17 member 4 [Source:HGNC Symbol;Acc:HGNC:10932],SLC17A4
ENSG00000124568,NA,ENSG00000124568,SLC17A1,protein_coding,solute carrier family 17 member 1 [Source:HGNC Symbol;Acc:HGNC:10929],SLC17A1
ENSG00000112337,NA,ENSG00000112337,SLC17A2,protein_coding,solute carrier family 17 member 2 [Source:HGNC Symbol;Acc:HGNC:10930],SLC17A2
ENSG00000166105,NA,ENSG00000166105,GLB1L3,protein_coding,galactosidase beta 1 like 3 [Source:HGNC Symbol;Acc:HGNC:25147],GLB1L3
ENSG00000149328,NA,ENSG00000149328,GLB1L2,protein_coding,galactosidase beta 1 like 2 [Source:HGNC Symbol;Acc:HGNC:25129],GLB1L2
ENSG00000139722,NA,ENSG00000139722,VPS37B,protein_coding,"VPS37B, ESCRT-I subunit [Source:HGNC Symbol;Acc:HGNC:25754]",VPS37B
ENSG00000124782,NA,ENSG00000124782,RREB1,protein_coding,ras responsive element binding protein 1 [Source:HGNC Symbol;Acc:HGNC:10449],RREB1
ENSG00000187773,NA,ENSG00000187773,FAM69C,protein_coding,family with sequence similarity 69 member C [Source:HGNC Symbol;Acc:HGNC:31729],FAM69C
ENSG00000121579,NA,ENSG00000121579,NAA50,protein_coding,"N(alpha)-acetyltransferase 50, NatE catalytic subunit [Source:HGNC Symbol;Acc:HGNC:29533]",NAA50
ENSG00000178602,NA,ENSG00000178602,OTOS,protein_coding,otospiralin [Source:HGNC Symbol;Acc:HGNC:22644],OTOS
ENSG00000168234,NA,ENSG00000168234,TTC39C,protein_coding,tetratricopeptide repeat domain 39C [Source:HGNC Symbol;Acc:HGNC:26595],TTC39C
ENSG00000151414,NA,ENSG00000151414,NEK7,protein_coding,NIMA related kinase 7 [Source:HGNC Symbol;Acc:HGNC:13386],NEK7
ENSG00000150593,NA,ENSG00000150593,PDCD4,protein_coding,programmed cell death 4 [Source:HGNC Symbol;Acc:HGNC:8763],PDCD4
ENSG00000177030,NA,ENSG00000177030,DEAF1,protein_coding,"DEAF1, transcription factor [Source:HGNC Symbol;Acc:HGNC:14677]",DEAF1
ENSG00000159461,NA,ENSG00000159461,AMFR,protein_coding,autocrine motility factor receptor [Source:HGNC Symbol;Acc:HGNC:463],AMFR
